1651146255.000000, 1651146255.000000, 1651146255.000000
32.000000, 32.000000, 32.000000
-25,-49,23
-19,-49,24
-20,-52,28
-25,-44,31
-36,-59,19
-23,-55,23
-20,-56,26
-13,-50,31
-14,-49,29
-17,-51,26
-19,-53,23
-20,-55,23
-20,-56,25
-14,-53,32
-14,-50,38
-25,-53,28
-17,-49,27
-28,-53,25
-22,-61,26
-27,-64,26
-21,-56,35
-17,-52,32
-19,-56,27
-28,-53,30
-25,-53,25
-17,-53,27
-15,-54,29
-19,-56,27
-16,-55,27
-10,-54,32
-18,-54,35
-23,-56,31
-25,-53,27
-19,-53,29
-17,-54,27
-15,-54,26
-15,-57,27
-11,-55,34
-17,-49,35
-14,-47,35
-19,-47,31
-19,-49,31
-20,-50,30
-19,-54,30
-16,-55,31
-12,-55,28
-16,-54,28
-19,-54,29
-21,-54,32
-21,-54,33
-19,-53,31
-18,-52,30
-16,-53,30
-17,-53,28
-17,-53,28
-18,-54,29
-19,-54,29
-18,-54,29
-18,-54,30
-18,-55,30
-21,-54,31
-25,-54,28
-25,-54,26
-23,-54,28
-17,-53,31
-19,-53,30
-20,-53,27
-19,-53,28
-20,-54,28
-19,-57,28
-24,-54,30
-24,-55,23
-18,-51,23
-26,-56,29
-26,-54,28
-14,-50,27
-3,-47,32
-50,-49,15
-28,-44,42
-13,-50,30
-9,-50,28
-15,-55,21
-23,-55,22
-20,-55,30
-16,-54,28
-29,-55,25
-17,-57,26
-17,-54,25
-19,-53,33
-17,-54,32
-15,-54,31
-14,-54,27
-12,-53,28
-13,-53,29
-15,-52,24
-13,-51,26
-7,-52,31
-8,-53,32
-15,-54,31
-16,-53,31
-14,-52,36
-11,-53,38
-15,-57,30
-19,-58,30
-25,-58,30
-26,-56,32
-24,-56,34
-19,-55,28
-20,-57,26
-20,-46,38
-21,-46,35
-16,-58,25
-15,-51,32
-20,-51,31
-18,-51,30
-20,-52,27
-19,-50,29
-18,-54,31
-20,-55,30
-23,-56,30
-21,-54,34
-22,-55,33
-18,-55,29
-19,-54,28
-20,-53,27
-20,-53,26
-20,-54,28
-17,-55,30
-15,-54,30
-18,-54,28
-20,-53,29
-21,-54,28
-15,-51,33
-12,-54,30
-14,-53,27
-19,-53,29
-24,-54,29
-21,-56,30
-19,-54,29
-16,-53,28
-18,-53,27
-20,-53,29
-24,-53,27
-24,-54,26
-21,-55,28
-20,-56,31
-20,-57,30
-20,-55,27
-22,-55,26
-24,-53,28
-24,-53,27
-23,-54,25
-19,-53,28
-19,-53,28
-19,-53,28
-20,-53,28
-20,-53,28
-20,-53,29
-19,-55,28
-20,-55,29
-22,-53,29
-21,-53,29
-23,-54,30
-21,-53,30
-21,-53,29
-20,-53,28
-19,-53,28
-22,-52,28
-24,-52,28
-23,-53,28
-23,-53,28
-23,-51,29
-22,-52,30
-21,-52,28
-23,-53,27
-23,-53,29
-23,-53,30
-22,-54,28
-22,-54,28
-22,-51,27
-22,-51,25
-24,-54,26
-26,-53,27
-24,-52,29
-23,-53,29
-23,-52,28
-26,-52,27
-24,-52,28
-25,-53,27
-24,-53,27
-23,-52,26
-25,-51,26
-28,-50,26
-21,-53,25
-19,-44,27
-9,-41,30
-18,-32,31
-21,-29,33
-31,-26,28
-35,-24,26
-36,-24,23
-37,-24,25
-38,-23,25
-52,-21,28
-55,-21,33
-64,-23,40
-53,-20,46
-46,-18,53
-40,-13,65
-36,-11,71
-27,-6,75
-17,-2,84
-12,2,90
-21,5,82
-22,4,67
-26,4,59
-36,1,52
-39,3,48
-33,3,47
-33,4,49
-34,3,50
-36,3,54
-39,2,55
-38,1,57
-30,2,58
-28,1,56
-29,1,55
-35,-1,52
-35,-2,53
-36,0,56
-34,0,58
-33,-1,51
-34,-1,49
-32,-1,49
-33,0,52
-34,1,53
-36,2,53
-37,2,53
-38,2,52
-37,1,52
-36,2,52
-36,2,52
-36,2,52
-36,2,52
-37,2,51
-37,3,51
-37,2,51
-38,3,52
-38,4,52
-38,4,51
-37,4,51
-37,4,51
-37,3,51
-37,3,51
-37,3,51
-37,3,52
-37,3,51
-37,4,51
-36,4,51
-37,4,51
-37,4,52
-37,4,51
-37,4,51
-37,4,51
-37,3,51
-37,3,51
-36,3,52
-36,3,52
-36,3,52
-36,3,52
-36,4,52
-37,3,52
-37,3,52
-37,3,51
-37,3,51
-38,3,51
-37,3,51
-38,3,51
-38,3,52
-37,3,51
-37,4,51
-37,4,51
-37,4,51
-38,3,51
-36,4,52
-36,3,52
-36,3,52
-37,3,51
-37,4,51
-37,4,51
-37,4,51
-37,4,52
-37,4,51
-37,4,51
-37,3,52
-36,3,51
-36,3,52
-38,5,52
-39,4,50
-39,3,50
-40,3,49
-40,3,49
-39,2,48
-38,4,51
-37,5,52
-39,5,51
-39,5,51
-41,5,49
-48,5,46
-43,3,49
-37,0,50
-36,-2,50
-39,-3,49
-37,-5,49
-36,-5,49
-38,-4,49
-38,-2,49
-39,1,49
-40,2,50
-40,2,51
-38,4,52
-37,4,53
-35,5,55
-33,5,59
-25,7,62
-12,7,60
-13,9,55
-36,8,49
-74,7,36
-66,1,23
-60,-3,12
-25,-6,43
-27,1,52
-25,19,59
-26,26,67
-17,26,68
14,18,67
13,18,58
24,17,51
28,17,51
19,4,54
-13,6,48
-9,8,49
18,15,58
14,20,59
-10,12,45
-54,16,32
-117,31,38
15,45,72
41,10,74
-30,44,72
-10,24,54
-29,27,43
-14,13,42
-36,24,54
-48,36,56
-61,54,40
-50,44,25
-49,44,31
-53,28,13
-42,15,9
-19,16,42
-10,17,66
-32,11,18
-46,30,2
-5,35,19
15,22,35
5,33,43
84,42,107
47,14,50
31,25,48
12,65,44
4,79,46
-38,94,52
-10,76,60
15,65,59
49,38,62
50,31,52
33,5,21
-41,-5,-7
-78,4,-5
19,12,66
14,19,57
4,22,59
1,50,82
-6,46,71
-31,48,55
-37,46,55
-33,45,33
-80,17,-9
-65,14,3
-13,11,24
25,13,45
40,10,57
-1,27,44
-4,21,29
57,18,80
3,67,91
-29,62,58
-1,47,49
10,51,55
5,50,63
-3,50,66
-20,44,53
-23,26,36
-13,22,33
-17,15,30
-17,18,39
-7,18,52
-11,32,71
-10,34,67
-11,32,57
-5,24,45
-7,23,45
-9,27,53
-13,28,56
-16,28,57
-18,27,53
-17,27,53
-16,26,53
-16,26,54
-16,25,53
-17,25,53
-16,26,54
-16,27,55
-16,27,54
-15,26,54
-15,26,53
-14,25,53
-13,26,54
-14,27,53
-14,28,53
-14,27,52
-14,27,53
-15,27,53
-16,26,54
-16,26,55
-17,25,55
-17,25,54
-18,25,54
-18,25,55
-18,25,53
-17,25,52
-17,26,53
-16,26,54
-17,27,53
-17,28,53
-17,28,53
-17,28,53
-17,28,52
-16,27,53
-16,27,54
-16,25,54
-17,25,53
-17,25,53
-18,25,54
-17,25,54
-16,26,57
-14,29,58
-11,28,59
-14,28,59
-18,30,61
-15,28,61
-17,26,60
-17,26,60
-30,15,19
-69,10,1
-55,13,24
-32,33,66
-29,31,68
-14,21,56
-8,9,51
2,12,46
4,13,42
5,13,45
-5,24,62
4,26,66
9,25,62
8,17,51
11,18,50
22,19,43
21,31,70
12,37,83
-9,55,65
-1,50,72
-7,42,68
-31,43,56
-42,40,45
-46,28,37
-29,22,35
-25,16,9
-52,19,18
-41,22,40
-34,26,53
-30,27,55
-15,24,54
-11,23,50
-10,23,51
-13,27,54
-18,28,53
-18,26,52
-15,19,43
-14,17,45
-14,27,59
-17,32,60
-21,30,56
-30,27,49
-46,31,45
-30,35,51
-21,32,50
-15,27,51
-7,20,52
4,19,56
8,19,57
0,21,57
-4,23,58
-10,26,60
-10,27,59
-9,25,57
-9,24,56
-8,24,56
-5,24,55
-4,24,55
-2,26,57
-2,27,58
-2,28,57
-2,28,57
-3,27,57
-2,26,57
-1,23,59
0,21,61
0,16,58
5,13,59
10,12,58
6,13,54
-1,14,50
-9,18,50
-15,18,49
-17,19,51
-18,24,64
-22,26,63
-26,30,71
-28,21,71
-26,19,68
-23,22,66
-23,25,65
-31,28,56
-37,27,46
-37,27,44
-35,26,45
-32,27,47
-27,28,47
-11,35,53
-9,35,55
-8,30,61
-9,30,65
-10,20,65
-8,11,60
-13,9,56
-5,-3,61
1,-16,58
8,-25,57
13,-35,50
8,-38,48
-2,-32,51
-10,-36,44
-12,-32,42
-11,-28,38
-15,-25,38
-27,-18,41
-28,-11,48
-27,-9,49
-35,-3,51
-41,0,66
-63,-4,62
-57,-11,53
-56,-14,45
-39,-17,31
-45,-19,20
-64,-13,13
-60,-14,31
-61,-14,33
-57,-14,32
-59,-14,29
-58,-12,27
-55,-14,26
-55,-13,24
-59,-12,23
-59,-14,25
-59,-14,25
-58,-16,25
-57,-16,28
-61,-13,30
-53,-14,31
-49,-14,32
-54,-13,29
-58,-13,29
-56,-14,30
-54,-12,28
-57,-12,25
-59,-14,29
-57,-15,32
-56,-12,26
-57,-12,25
-57,-13,26
-57,-13,28
-56,-13,28
-57,-12,28
-55,-14,29
-54,-14,30
-57,-14,29
-58,-12,29
-54,-12,33
-51,-14,33
-51,-14,33
-55,-14,31
-53,-14,32
-53,-13,33
-53,-12,34
-53,-12,34
-54,-12,34
-54,-12,34
-54,-12,34
-53,-12,34
-53,-13,34
-52,-13,35
-53,-13,37
-53,-12,37
-51,-11,35
-51,-11,33
-52,-12,34
-53,-11,35
-52,-11,36
-52,-10,35
-52,-10,35
-51,-11,34
-52,-12,33
-51,-12,33
-52,-12,33
-53,-12,34
-54,-11,37
-55,-12,37
-56,-12,37
-54,-12,36
-53,-12,33
-53,-11,32
-53,-11,35
-53,-11,35
-55,-10,35
-54,-10,34
-52,-11,33
-52,-11,33
-52,-10,34
-53,-11,35
-53,-11,35
-52,-11,35
-52,-13,34
-53,-12,34
-53,-11,35
-53,-10,35
-53,-10,35
-54,-11,35
-54,-11,35
-52,-11,34
-53,-11,34
-53,-12,35
-52,-11,37
-52,-10,36
-52,-11,36
-52,-11,37
-52,-12,37
-51,-11,37
-50,-11,37
-50,-11,37
-51,-11,37
-52,-10,37
-51,-10,36
-51,-12,36
-50,-13,35
-51,-13,36
-51,-11,37
-51,-10,37
-52,-10,38
-51,-11,38
-52,-13,37
-52,-13,37
-53,-11,38
-51,-10,37
-51,-10,36
-52,-10,36
-52,-10,37
-52,-11,37
-52,-12,36
-50,-12,35
-51,-12,34
-51,-12,35
-52,-10,38
-52,-10,37
-51,-10,37
-50,-10,36
-52,-10,35
-53,-11,37
-54,-10,37
-53,-10,36
-51,-11,34
-52,-12,34
-53,-11,36
-53,-11,36
-53,-11,34
-54,-11,34
-52,-10,37
-53,-10,37
-53,-10,35
-52,-10,35
-53,-10,35
-53,-11,35
-53,-11,34
-52,-11,35
-52,-11,35
-52,-11,37
-54,-13,35
-54,-11,34
-52,-9,37
-53,-8,38
-50,-9,38
-48,-11,36
-48,-12,34
-51,-14,32
-49,-11,36
-53,-11,38
-53,-11,38
-52,-11,37
-52,-12,34
-52,-13,34
-51,-13,36
-53,-12,35
-52,-13,35
-52,-11,36
-52,-13,37
-50,-13,37
-49,-13,34
-52,-12,34
-56,-17,32
-55,-17,24
-57,-15,21
-51,-14,25
-52,-16,27
-68,-18,23
-57,-12,29
-58,-8,28
-59,-8,27
-60,-9,26
-56,-11,26
-57,-11,28
-59,-10,29
-58,-11,28
-56,-11,28
-54,-8,27
-55,-7,28
-55,-9,28
-58,-9,31
-56,-10,31
-57,-11,29
-57,-13,28
-56,-14,29
-56,-14,31
-57,-15,28
-56,-16,29
-57,-10,39
-58,-11,37
-58,-15,34
-58,-14,36
-57,-12,39
-58,-11,36
-57,-12,34
-48,-15,28
-48,-16,28
-51,-16,28
-43,-18,30
-43,-17,29
-51,-11,36
-47,-16,40
-47,-16,36
-52,-17,35
-51,-18,38
-51,-16,39
-51,-12,41
-52,-13,37
-51,-13,37
-52,-12,38
-53,-12,37
-50,-9,36
-48,-8,35
-44,-8,30
-48,-10,24
-57,-6,25
-51,-2,32
-48,-2,28
-53,0,31
-56,-1,29
-56,-4,28
-66,0,26
-75,-3,31
-73,-7,32
-64,-1,25
-67,-2,24
-60,-2,20
-62,-2,19
-60,-2,26
-61,-6,27
-61,-7,26
-62,-8,30
-52,-9,38
-56,-7,25
-69,-7,12
-64,-7,17
-54,-3,20
-48,-6,19
-59,-6,18
-55,-9,12
-61,-7,9
-56,-8,12
-55,1,22
-57,-1,21
-55,-2,25
-57,-7,24
-61,-6,40
-60,-2,37
-61,-5,31
-65,-7,26
-64,-6,26
-62,-10,22
-64,-10,24
-65,-8,26
-57,-7,30
-58,-6,29
-58,-4,29
-56,-6,32
-57,-6,30
-57,-8,32
-58,-7,32
-61,-9,37
-59,-11,33
-56,-9,38
-57,-10,36
-56,-11,32
-38,0,17
-45,1,30
-55,-2,37
-49,-10,31
-50,-12,27
-57,-4,31
-55,-4,31
-56,-5,33
-56,-8,37
-57,-8,33
-57,-9,31
-57,-8,31
-56,-8,31
-51,-6,33
-54,-7,27
-55,-7,23
-55,-7,27
-55,-6,25
-58,-8,28
-59,-8,33
-59,-9,32
-59,-10,31
-59,-9,30
-58,-9,26
-57,-8,25
-57,-10,24
-58,-9,27
-59,-9,28
-58,-9,27
-58,-9,25
-58,-10,24
-58,-10,23
-58,-10,25
-59,-11,26
-62,-12,25
-61,-12,26
-61,-11,26
-59,-10,23
-60,-10,24
-61,-11,25
-59,-11,25
-60,-10,28
-61,-9,31
-58,-8,32
-56,-8,29
-58,-7,29
-58,-8,30
-58,-9,32
-61,-9,34
-55,-7,35
-53,-10,31
-55,-10,28
-51,-8,25
-48,-5,20
-49,-2,26
-54,-6,30
-56,-9,30
-60,-10,24
-61,-9,25
-55,-8,29
-52,-7,34
-53,-11,39
-52,-12,38
-51,-11,37
-52,-10,36
-56,-10,27
-60,-9,27
-55,-16,23
-45,-16,28
-58,-14,20
-74,-14,15
-67,-14,16
-69,-15,21
-57,-15,22
-56,-16,23
-53,-13,22
-52,-13,19
-55,-21,20
-58,-20,20
-63,-19,19
-60,-19,21
-61,-17,21
-60,-14,27
-61,-12,27
-55,-14,24
-56,-19,20
-57,-19,22
-59,-12,23
-59,-11,23
-57,-13,20
-55,-20,21
-57,-14,24
-57,-15,23
-61,-12,24
-63,-15,24
-60,-13,26
-61,-13,26
-60,-11,25
-60,-10,21
-61,-8,22
-58,-9,22
-56,-8,24
-58,-10,27
-60,-10,27
-63,-12,29
-67,-6,29
-63,-8,24
-55,-8,20
-55,-12,19
-59,-12,20
-59,-10,22
-58,-9,21
-59,-9,19
-60,-8,20
-60,-8,21
-60,-9,22
-60,-9,23
-59,-9,22
-60,-9,22
-59,-10,21
-60,-9,21
-60,-9,22
-60,-9,22
-59,-8,22
-60,-8,22
-60,-9,22
-60,-8,22
-59,-9,22
-60,-8,23
-61,-9,22
-60,-8,23
-59,-8,24
-60,-8,23
-58,-9,23
-59,-9,22
-58,-9,23
-60,-9,24
-58,-9,24
-58,-9,24
-58,-9,24
-59,-9,24
-59,-9,25
-59,-9,25
-59,-9,24
-58,-9,24
-58,-9,24
-58,-9,24
-59,-9,24
-58,-9,25
-59,-10,26
-59,-9,26
-58,-8,24
-58,-8,24
-58,-10,25
-58,-9,26
-60,-9,25
-58,-9,24
-58,-10,24
-58,-9,26
-59,-9,27
-59,-10,27
-58,-9,25
-58,-8,25
-58,-9,24
-58,-10,24
-58,-9,25
-58,-9,26
-58,-9,26
-58,-10,25
-58,-9,25
-58,-9,25
-60,-9,26
-60,-8,27
-59,-9,26
-56,-10,25
-56,-10,24
-58,-10,26
-59,-10,26
-58,-9,26
-58,-10,25
-58,-10,25
-59,-10,27
-61,-9,27
-61,-9,26
-59,-10,26
-59,-10,25
-57,-10,23
-58,-10,22
-57,-10,23
-57,-11,24
-57,-10,24
-57,-10,24
-59,-11,25
-59,-11,26
-59,-11,25
-59,-11,24
-57,-10,23
-57,-10,23
-57,-11,24
-57,-9,24
-57,-10,25
-58,-10,25
-58,-10,24
-58,-10,23
-60,-10,25
-59,-10,25
-59,-11,25
-58,-9,27
-59,-8,28
-62,-9,27
-60,-9,26
-59,-9,23
-56,-10,23
-58,-8,24
-60,-9,26
-59,-8,26
-58,-9,24
-58,-9,23
-58,-9,24
-59,-9,25
-57,-9,25
-58,-8,24
-59,-9,25
-59,-9,25
-59,-10,24
-59,-8,24
-59,-9,23
-58,-8,26
-60,-9,25
-59,-9,25
-58,-7,25
-57,-8,26
-59,-10,25
-58,-9,26
-57,-9,25
-58,-9,25
-61,-9,26
-59,-8,27
-58,-9,26
-59,-9,25
-58,-8,25
-58,-9,26
-58,-9,25
-58,-9,25
-57,-9,26
-57,-10,26
-57,-9,26
-58,-10,26
-58,-9,25
-58,-10,26
-58,-11,27
-57,-10,26
-57,-9,26
-57,-10,26
-57,-10,26
-58,-10,25
-56,-11,26
-57,-10,27
-59,-11,28
-59,-10,27
-59,-10,24
-59,-10,24
-57,-9,25
-58,-11,24
-58,-9,24
-55,-9,23
-56,-8,23
-55,-8,21
-60,-7,20
-59,-9,22
-61,-6,22
-64,-7,22
-64,-6,22
-59,-7,20
-59,-5,17
-63,-6,18
-65,-5,23
-65,-5,24
-66,-5,21
-66,-6,20
-63,-6,20
-64,-6,20
-63,-6,20
-59,-6,19
-58,-6,18
-59,-6,17
-60,-7,17
-61,-8,18
-61,-7,19
-61,-6,18
-60,-7,18
-61,-6,18
-63,-6,18
-61,-6,18
-62,-6,18
-63,-6,19
-64,-5,21
-64,-5,21
-62,-5,17
-62,-6,18
-62,-6,18
-62,-6,17
-62,-6,18
-62,-6,20
-61,-6,19
-60,-6,18
-59,-7,17
-59,-7,16
-59,-7,17
-59,-7,18
-60,-7,17
-60,-6,17
-61,-6,19
-62,-6,21
-64,-5,21
-66,-6,20
-62,-6,19
-60,-6,19
-61,-6,18
-62,-6,18
-62,-6,19
-62,-6,20
-63,-6,21
-63,-6,22
-63,-6,22
-57,-9,20
-64,-2,18
-63,-5,19
-62,-7,19
-60,-9,24
-58,-9,26
-59,-10,26
-58,-9,27
-57,-8,28
-55,-9,28
-57,-8,27
-56,-9,29
-55,-9,30
-55,-9,30
-54,-9,30
-55,-9,28
-54,-9,29
-56,-10,32
-57,-12,34
-55,-10,36
-55,-9,33
-55,-9,30
-56,-10,29
-57,-11,31
-56,-11,31
-54,-10,30
-54,-10,30
-52,-9,30
-50,-8,28
-56,-11,28
-58,-14,32
-56,-13,32
-55,-11,32
-56,-11,32
-56,-12,31
-53,-10,29
-52,-9,26
-48,-12,22
-46,-13,23
-56,-10,21
-68,-10,32
-62,-11,40
-60,-7,32
-60,-10,31
-67,-11,32
-59,-10,29
-57,-9,27
-59,-10,26
-61,-10,27
-62,-10,30
-59,-10,27
-59,-10,27
-57,-11,28
-56,-11,30
-54,-10,29
-55,-9,30
-56,-12,31
-56,-14,31
-53,-10,30
-52,-11,28
-48,-11,26
-47,-9,26
-51,-12,28
-54,-13,32
-54,-13,33
-56,-14,33
-55,-13,33
-54,-12,32
-54,-13,32
-55,-13,32
-55,-13,33
-55,-12,33
-55,-12,32
-54,-12,32
-54,-11,32
-54,-12,31
-54,-12,32
-53,-12,33
-54,-12,33
-54,-12,33
-52,-12,34
-52,-12,34
-53,-13,33
-53,-12,33
-53,-12,33
-54,-13,34
-54,-12,34
-54,-12,34
-55,-12,34
-54,-12,33
-54,-12,32
-54,-12,33
-54,-12,33
-54,-13,33
-53,-12,33
-53,-13,32
-55,-12,31
-55,-12,32
-54,-12,33
-54,-12,32
-54,-13,33
-54,-13,32
-54,-12,33
-54,-11,32
-52,-12,33
-53,-13,33
-54,-12,34
-54,-13,34
-55,-12,33
-53,-12,34
-53,-11,33
-53,-11,33
-54,-11,34
-53,-11,34
-53,-12,33
-53,-12,34
-54,-12,34
-53,-12,34
-53,-12,34
-53,-12,34
-53,-12,34
-53,-13,34
-53,-12,34
-53,-12,34
-54,-12,34
-54,-12,34
-53,-12,34
-53,-12,34
-53,-12,34
-53,-13,34
-53,-13,34
-53,-12,34
-53,-12,34
-53,-12,34
-53,-13,34
-53,-12,34
-53,-12,34
-54,-12,34
-54,-13,34
-55,-13,36
-53,-12,37
-54,-13,34
-52,-12,33
-52,-12,34
-55,-12,36
-53,-12,37
-54,-13,38
-54,-15,40
-54,-15,39
-53,-15,41
-53,-15,39
-49,-15,39
-45,-15,37
-44,-19,34
-43,-13,40
-45,-17,40
-45,-16,40
-43,-17,42
-46,-16,43
-50,-17,43
-44,-19,43
-36,-18,42
-36,-19,44
-35,-19,46
-37,-19,49
-37,-19,50
-38,-20,46
-41,-21,48
-41,-22,46
-35,-22,51
-36,-23,53
-36,-23,55
-39,-20,49
-39,-27,42
-31,-21,44
-24,-22,50
-26,-22,53
-33,-21,51
-34,-21,46
-29,-22,50
-30,-23,53
-34,-24,51
-37,-23,48
-34,-24,49
-30,-24,51
-34,-22,51
-33,-22,50
-31,-23,49
-30,-23,49
-33,-23,48
-31,-24,52
-31,-23,51
-33,-23,50
-28,-23,51
-30,-22,48
-26,-23,48
-27,-22,48
-33,-22,50
-35,-21,50
-38,-22,48
-34,-21,44
-31,-20,40
-33,-17,41
-37,-16,43
-39,-17,45
-46,-20,46
-47,-21,48
-52,-20,50
-50,-19,46
-49,-19,48
-49,-18,46
-47,-17,45
-45,-15,41
-46,-15,39
-46,-15,39
-45,-16,40
-45,-15,41
-47,-15,41
-47,-15,40
-46,-16,40
-48,-16,42
-49,-16,43
-49,-15,43
-48,-15,41
-47,-15,39
-47,-15,39
-47,-15,40
-47,-15,41
-48,-15,41
-48,-15,42
-49,-15,43
-50,-15,45
-50,-15,46
-50,-16,45
-48,-16,43
-43,-16,40
-44,-16,40
-46,-16,43
-41,-16,48
-41,-17,48
-43,-18,45
-38,-17,42
-38,-17,43
-36,-16,42
-35,-17,44
-37,-17,45
-40,-18,48
-42,-18,47
-41,-19,47
-41,-19,47
-41,-19,48
-44,-19,52
-44,-20,53
-43,-22,54
-44,-21,52
-39,-23,54
-36,-30,51
-33,-29,54
-31,-23,51
-26,-19,50
-27,-20,49
-22,-21,51
-20,-21,53
-21,-25,55
-18,-23,56
-16,-22,52
-12,-19,52
-13,-19,52
-10,-19,54
-14,-22,57
-15,-23,59
-16,-26,60
-16,-27,60
-19,-29,61
-19,-31,60
-16,-31,60
-12,-30,58
-11,-30,57
-6,-28,55
2,-26,55
4,-23,56
12,-20,56
14,-17,56
17,-13,53
21,-11,54
23,-10,56
26,-11,56
30,-10,56
28,-10,57
28,-12,59
24,-14,58
16,-19,58
18,-20,59
19,-20,59
20,-14,58
17,-13,58
15,-15,56
14,-17,56
16,-16,56
12,-12,50
11,-10,50
2,-14,44
-10,-11,30
-27,-16,20
-40,-16,21
-49,-24,15
-41,-33,15
-77,-33,7
-82,-37,18
-72,-44,34
-79,-41,29
-83,-37,34
-75,-34,32
-73,-33,25
-64,-29,18
-57,-25,8
-52,-25,4
-48,-18,3
-48,-15,1
-56,-14,7
-67,-18,9
-71,-23,7
-74,-29,10
-73,-27,11
-66,-21,11
-59,-17,7
-60,-16,5
-62,-18,3
-62,-19,3
-60,-19,2
-62,-17,8
-64,-17,9
-64,-17,9
-64,-19,10
-65,-20,11
-67,-21,14
-69,-20,15
-65,-19,17
-65,-20,18
-65,-21,20
-65,-21,23
-62,-22,24
-56,-23,23
-55,-23,24
-53,-23,26
-48,-24,29
-47,-24,32
-44,-24,37
-47,-26,36
-44,-27,38
-36,-26,47
-36,-24,48
-44,-30,44
-45,-32,45
-40,-30,47
-34,-32,43
-28,-31,46
-27,-29,43
-27,-29,42
-28,-27,41
-24,-22,45
-22,-20,49
-23,-17,49
-19,-18,44
-15,-17,44
-20,-21,47
-24,-24,48
-28,-26,44
-29,-23,41
-25,-20,40
-29,-22,32
-33,-22,32
-36,-22,33
-42,-26,24
-50,-25,21
-58,-25,23
-59,-25,24
-68,-23,18
-67,-23,22
-68,-23,27
-69,-23,24
-64,-19,18
-69,-19,14
-65,-18,10
-65,-16,8
-66,-13,8
-65,-14,10
-68,-13,6
-66,-12,6
-66,-12,3
-71,-10,3
-68,-10,3
-68,-10,3
-68,-10,3
-67,-9,2
-66,-8,-2
-64,-12,-7
-64,-11,-8
-63,-11,-8
-64,-12,-8
-62,-11,-5
-64,-10,-2
-67,-10,-3
-64,-10,-4
-63,-11,-4
-64,-11,-5
-64,-12,-2
-64,-13,-2
-64,-12,0
-62,-11,-3
-63,-11,-6
-64,-12,-4
-64,-12,-2
-65,-11,-2
-63,-12,-2
-62,-11,-1
-61,-9,0
-62,-11,-1
-66,-11,-1
-64,-11,-1
-63,-10,1
-67,-8,2
-69,-10,1
-76,-12,18
-86,-10,32
-96,-13,34
-90,-21,35
-90,-29,27
-96,-47,3
-81,-43,3
-56,-42,14
-44,-38,9
-33,-33,16
-31,-23,26
-28,-10,32
-26,-17,14
-6,-25,31
-18,-13,53
-10,-16,45
7,-14,39
10,-10,36
38,-4,54
35,0,54
36,2,50
61,11,54
65,11,56
48,7,53
58,13,57
60,19,41
20,35,13
13,35,0
-58,3,-82
-54,-19,-53
-31,-31,-19
-128,-44,-116
-128,-25,-121
-127,-48,16
-128,-33,2
-128,-34,12
-117,-34,-63
-85,-15,-71
-65,-7,-18
-73,38,-11
90,8,37
-35,17,-28
-65,5,-12
-85,3,-28
-92,-39,-86
-38,-22,-63
-57,-14,-28
-51,-14,-22
-55,-18,-29
-56,-23,-39
-52,-23,-41
-54,-21,-44
-41,-13,-39
-44,-15,-38
-48,-18,-34
-43,-21,-35
-54,-26,-41
-49,-19,-43
-53,-20,-43
-46,-19,-41
-43,-20,-40
-45,-18,-41
-47,-13,-37
-49,-12,-37
-47,-12,-41
-46,-9,-42
-42,-8,-39
-50,-3,-38
-53,-2,-40
-62,1,-34
-66,-5,-34
-78,-9,-29
-86,-21,-23
-89,-25,-26
-85,-36,-27
-94,-39,-48
-67,-41,-47
-76,-40,-52
-61,-39,-38
-63,-35,-10
-71,-31,-5
-91,-33,-24
-63,-35,-26
-37,-37,-15
-26,-24,-3
-31,-13,5
-20,-5,19
-2,-9,35
-2,-10,37
4,-8,30
15,5,30
15,16,27
49,29,29
51,33,31
60,28,31
72,31,41
66,31,38
71,24,42
73,18,57
71,16,57
57,17,45
64,15,47
60,10,74
51,11,46
53,15,44
44,23,41
47,22,38
48,20,39
49,15,50
52,14,58
64,18,55
67,20,53
63,26,53
50,29,39
51,29,34
50,30,31
41,30,27
21,24,33
20,5,34
18,-1,34
-8,-7,17
-6,-8,14
-34,-29,5
-20,-26,3
-33,-30,-6
-70,-32,-12
-94,-28,-10
-90,-30,-14
-104,-34,-1
-103,-31,-6
-88,-30,-7
-89,-18,7
-76,-22,-10
-84,-20,-30
-44,-14,-26
-56,-7,-41
-62,-3,-41
-43,-3,-28
-56,-6,-40
-62,-7,-50
-51,-7,-43
-46,-7,-30
-49,-8,-40
-46,-11,-51
-44,-10,-48
-45,-13,-49
-47,-13,-50
-47,-13,-49
-43,-14,-43
-43,-15,-43
-44,-14,-44
-43,-15,-46
-43,-15,-45
-45,-15,-46
-46,-13,-45
-46,-12,-45
-47,-12,-44
-47,-12,-45
-45,-13,-44
-45,-14,-46
-44,-13,-45
-44,-13,-45
-45,-13,-45
-44,-13,-43
-45,-14,-45
-46,-13,-44
-46,-12,-44
-46,-12,-45
-47,-13,-45
-47,-13,-44
-47,-12,-44
-49,-10,-43
-49,-11,-41
-51,-10,-43
-56,-9,-39
-57,-8,-35
-58,-9,-33
-60,-9,-31
-60,-10,-29
-62,-11,-29
-61,-13,-28
-58,-14,-29
-61,-14,-33
-61,-14,-32
-57,-17,-29
-58,-18,-28
-61,-20,-24
-62,-20,-23
-62,-22,-22
-55,-24,-17
-56,-25,-14
-58,-24,-13
-54,-24,-10
-52,-25,-7
-58,-25,-2
-58,-27,-1
-55,-26,4
-55,-28,10
-58,-27,13
-62,-28,16
-61,-30,17
-61,-35,25
-71,-32,41
-64,-37,45
-55,-41,38
-52,-42,33
-45,-43,26
-48,-38,23
-44,-34,25
-39,-30,23
-33,-23,29
-21,-20,35
-11,-16,40
-12,-13,38
-6,-12,34
6,-7,38
14,-3,38
24,3,37
25,8,38
34,14,40
49,22,43
57,22,42
55,27,49
54,30,56
58,25,64
54,13,46
54,13,44
53,15,43
45,22,46
50,25,45
53,25,40
51,25,41
51,26,41
53,25,40
51,25,33
53,26,33
51,26,33
48,24,32
47,23,32
47,25,29
55,23,29
53,24,31
51,23,30
60,23,32
56,25,31
49,20,38
48,21,37
47,19,35
40,18,32
43,16,28
43,16,26
44,15,35
30,20,36
31,16,30
33,15,32
33,8,37
37,10,43
56,6,49
72,-3,53
76,4,60
78,15,58
79,17,50
85,36,39
87,36,29
77,43,31
59,45,38
51,26,36
43,27,37
44,11,31
45,1,29
34,-3,41
37,1,50
37,0,50
31,1,44
29,1,39
24,2,30
22,-4,35
16,-8,33
5,-21,26
15,-23,34
-10,-14,23
-47,-10,7
-62,-24,1
-99,-113,31
-66,-128,34
-81,-45,61
-60,-9,70
-63,-15,60
-66,-23,50
-67,-25,45
-65,-31,37
-51,-35,37
-47,-36,32
-40,-29,33
-39,-19,36
-37,-18,35
-32,-24,33
-33,-27,30
-34,-28,34
-36,-26,42
-36,-27,42
-31,-30,41
-32,-33,40
-37,-34,41
-40,-30,45
-39,-26,48
-43,-25,48
-45,-28,45
-42,-29,46
-37,-32,43
-37,-33,39
-39,-29,37
-37,-30,37
-36,-28,43
-38,-28,43
-38,-28,43
-37,-29,43
-37,-29,43
-40,-31,42
-37,-32,43
-38,-31,43
-39,-30,44
-38,-29,43
-37,-30,40
-37,-30,39
-38,-29,41
-39,-28,43
-39,-28,42
-39,-30,43
-40,-32,45
-41,-34,45
-41,-35,48
-38,-32,48
-36,-30,41
-33,-28,31
-30,-24,32
-27,-20,36
-31,-21,33
-29,-17,31
-34,-18,24
-38,-19,20
-48,-21,15
-60,-30,16
-64,-12,27
-73,-12,27
-74,-12,25
-71,-21,24
-73,-12,11
-66,-14,8
-66,-14,8
-64,-9,6
-71,-10,1
-68,-7,-6
-73,-6,-14
-74,-5,-25
-70,0,-20
-69,2,-15
-63,2,-4
-62,4,0
-65,3,2
-70,3,2
-71,3,3
-68,3,6
-67,1,8
-64,0,15
-70,-7,25
-68,-20,19
-66,-9,15
-63,-8,16
-49,-2,21
-36,1,28
-32,5,33
-24,1,42
-33,12,45
-44,28,60
-40,29,66
-35,24,66
-34,14,61
-36,12,57
-44,9,49
-52,-2,50
-54,4,52
-45,-1,53
-39,-5,52
-31,-6,50
-24,-6,52
-25,-8,51
-28,-13,48
-33,-13,50
-32,-12,49
-16,-16,40
-14,-19,37
-57,-23,30
-68,-23,30
-44,-22,22
-53,-6,18
-48,-10,36
-42,-16,59
-65,-14,60
-60,-22,56
-74,-32,34
-68,-37,36
-49,-41,50
-48,-43,44
-47,-44,40
-41,-40,39
-38,-39,38
-42,-27,37
-30,-17,35
-20,-14,40
-6,-8,70
-11,-22,67
-23,-8,50
3,-17,33
9,2,30
22,-2,23
25,5,33
30,11,43
33,9,39
32,8,33
46,9,38
43,26,44
52,28,41
46,32,39
58,44,50
63,38,48
54,23,49
50,22,48
56,26,45
58,26,47
56,26,45
49,26,42
49,25,44
51,27,45
52,23,44
51,23,53
51,23,54
53,19,48
40,8,32
56,6,41
48,5,48
27,2,72
17,0,79
-8,-7,78
1,-10,74
4,-11,69
-7,-16,55
-4,-15,59
1,-16,58
-1,-17,49
-2,-14,48
3,-10,51
8,-7,51
-6,-5,49
-12,-15,56
-18,-16,58
-12,-26,61
-12,-25,67
-19,-28,64
-17,-29,59
-12,-29,59
-10,-30,59
-11,-28,58
-8,-25,60
0,-19,62
3,-15,61
7,-12,53
15,-8,53
22,-4,53
7,-12,50
11,-13,55
12,-15,54
3,-16,49
7,-17,51
7,-21,47
2,-18,42
-17,-13,31
-28,-28,30
-30,-33,28
-50,-37,24
-55,-36,25
-73,-32,24
-86,-29,30
-87,-29,29
-71,-26,25
-73,-25,22
-63,-22,22
-74,-18,12
-75,-21,15
-71,-23,12
-72,-21,12
-79,-21,4
-74,-25,14
-76,-24,15
-70,-27,14
-71,-28,14
-74,-27,14
-59,-33,20
-55,-34,22
-56,-37,25
-49,-39,22
-27,-35,29
-23,-32,44
-41,-34,36
-45,-27,36
-24,-28,34
-21,-31,29
-18,-28,40
-13,-25,45
-15,-13,45
-28,-26,23
-4,-25,43
-10,-5,80
-20,-17,66
-30,-32,46
-18,-33,60
-15,-32,63
-23,-29,54
-29,-33,53
-22,-33,60
-23,-32,62
-23,-33,61
-21,-30,58
-26,-28,53
-1,-24,62
2,-16,53
-2,-9,48
7,-5,51
5,-9,53
3,-11,54
-11,-19,51
-12,-21,54
-17,-14,48
-23,-17,38
-29,-19,34
-36,-23,28
-36,-25,30
-37,-24,27
-56,-30,22
-56,-34,21
-55,-34,16
-60,-31,8
-79,-33,-9
-69,-31,6
-70,-32,7
-86,-30,1
-81,-31,3
-78,-24,-5
-73,-20,0
-78,-21,-5
-60,-26,-7
-53,-28,-3
-55,-27,3
-65,-21,-23
-61,-19,-22
-62,-22,-18
-57,-23,-19
-44,-19,-10
-46,-19,-13
-48,-20,-16
-51,-20,-18
-63,-22,-13
-67,-22,-13
-70,-25,-16
-68,-25,-20
-58,-26,-23
-52,-20,-33
-50,-17,-36
-39,-12,-25
-46,-14,-23
-53,-13,-32
-52,-16,-40
-55,-17,-35
-56,-16,-36
-53,-14,-43
-53,-13,-40
-53,-14,-46
-60,-14,-50
-53,-19,-47
-50,-18,-49
-47,-13,-48
-48,-12,-41
-52,-10,-38
-47,-5,-39
-48,-6,-38
-47,-5,-40
-46,-6,-44
-47,-6,-41
-44,-4,-37
-47,-4,-41
-45,-4,-40
-51,-6,-39
-53,-5,-39
-61,-8,-44
-61,-10,-43
-67,-11,-44
-66,-17,-42
-65,-21,-44
-69,-29,-48
-66,-31,-45
-61,-32,-40
-51,-33,-30
-57,-31,-29
-53,-29,-20
-63,-28,-14
-56,-31,-10
-49,-33,-3
-51,-32,0
-43,-36,4
-47,-34,16
-50,-32,18
-41,-33,21
-38,-32,25
-32,-33,38
-21,-31,52
-25,-34,52
-15,-30,47
-3,-22,44
-1,-20,45
8,-11,53
18,-9,56
20,-11,60
9,-21,60
5,-24,61
2,-30,56
5,-28,59
11,-23,59
13,-19,54
19,-15,57
26,-12,61
25,-12,63
22,-14,63
21,-17,63
13,-19,55
21,-14,57
23,-11,60
14,-8,57
21,-19,56
23,-17,55
13,-15,49
1,-18,38
-17,-20,33
-34,-17,32
-38,-18,26
-37,-28,17
-32,-37,-7
-34,-35,-20
-55,-35,-37
-79,-30,-43
-89,-27,-22
-98,-26,-14
-97,-24,-10
-108,-27,-10
-89,-26,-12
-73,-19,-23
-69,-13,-31
-53,-10,-36
-62,-15,-37
-61,-14,-49
-46,-19,-74
-47,-13,-39
-51,-13,-38
-47,4,-39
-40,3,-26
-43,6,-29
-38,2,-34
-41,-3,-38
-45,-8,-48
-53,-11,-51
-54,-13,-51
-54,-16,-54
-53,-20,-55
-49,-25,-55
-47,-27,-45
-46,-27,-47
-42,-31,-48
-49,-31,-45
-81,-27,-16
-64,-26,-17
-63,-27,-12
-64,-28,-10
-71,-29,-17
-65,-35,-7
-54,-36,4
-45,-36,4
-40,-30,12
-35,-26,21
-30,-23,25
-30,-22,37
-27,-21,47
-26,-33,50
-31,-41,50
-28,-43,53
-26,-40,48
-25,-38,46
-22,-36,47
-17,-37,46
-11,-31,47
-4,-24,44
-1,-19,42
9,-13,40
17,-11,42
22,-9,44
34,-2,50
37,-1,50
32,0,44
42,3,46
49,6,47
43,7,44
47,9,45
56,11,42
59,9,43
62,9,48
69,9,49
74,9,49
53,7,38
55,10,42
57,12,42
56,7,47
57,8,46
54,7,44
53,5,49
52,5,50
43,2,46
33,0,46
29,-1,47
25,-5,49
23,-8,51
17,-13,50
18,-15,52
15,-16,53
14,-17,56
13,-15,57
13,-13,54
13,-17,53
9,-19,52
0,-21,51
-2,-22,50
-11,-23,47
-23,-26,47
-20,-29,47
-25,-33,43
-26,-36,34
-32,-36,33
-25,-30,37
-27,-25,41
-77,-23,22
-59,-26,32
-66,-33,35
-68,-34,38
-66,-35,40
-62,-31,41
-58,-27,38
-57,-26,31
-55,-22,30
-54,-23,31
-54,-25,30
-54,-25,30
-51,-24,28
-50,-21,29
-48,-23,31
-46,-21,32
-53,-21,33
-51,-22,35
-53,-22,37
-55,-23,34
-53,-23,33
-51,-23,38
-47,-24,40
-56,-23,38
-56,-24,34
-50,-24,33
-45,-26,28
-35,-47,34
-43,-20,39
-39,-27,37
-47,-8,39
-37,-16,40
-41,-10,42
-45,-22,42
-44,-28,43
-43,-25,47
-35,-19,52
-36,-17,51
-32,-16,65
-30,-17,53
-30,-18,52
-27,-19,51
-23,-22,53
-22,-20,61
-59,3,42
-31,-17,43
-59,-35,34
-31,-11,54
-42,-26,44
-41,-22,47
-40,-22,48
-39,-24,50
-41,-24,51
-42,-24,51
-39,-24,51
-36,-23,51
-36,-22,51
-35,-22,49
-31,-22,52
-28,-22,53
-28,-21,54
-27,-22,51
-27,-22,52
-22,-21,59
-31,-21,58
-30,-25,55
-19,-27,60
-19,-32,56
-25,-31,54
-26,-29,53
-21,-29,54
-12,-27,50
-7,-30,48
-4,-28,49
-8,-17,55
-6,-15,56
4,-18,40
11,-10,37
17,-6,41
31,-5,44
31,-5,41
40,-1,46
45,1,48
46,3,46
67,7,54
76,7,56
82,0,61
52,-6,56
46,-6,52
44,-4,49
38,-6,46
32,-7,44
24,-6,42
25,-6,41
39,-5,48
39,-7,45
42,-6,46
49,-5,50
50,-3,56
56,-3,53
40,-6,46
41,-4,50
44,-6,50
45,-6,48
46,-5,51
50,-4,54
48,-5,54
41,-8,52
42,-7,53
35,-7,52
24,-11,49
20,-13,48
13,-19,52
14,-18,52
21,-19,58
17,-16,56
17,-18,57
17,-22,53
15,-21,54
4,-15,57
-5,-24,38
-8,-27,32
-30,-36,34
-42,-35,35
-43,-41,38
-41,-44,38
-35,-40,42
-32,-27,42
-37,-23,27
-43,-19,23
-34,-37,27
-46,-29,33
-60,-31,33
-68,-35,34
-65,-42,32
-66,-37,35
-68,-33,38
-59,-29,36
-53,-27,22
-47,-25,20
-51,-20,16
-51,-22,19
-52,-19,16
-56,-23,15
-56,-22,16
-63,-25,19
-59,-25,19
-62,-25,16
-60,-23,13
-60,-22,12
-60,-22,11
-59,-21,6
-61,-21,8
-60,-21,8
-61,-21,9
-65,-22,7
-61,-21,3
-62,-21,2
-59,-20,-3
-59,-20,-4
-60,-19,-3
-61,-19,-2
-61,-17,-3
-66,-19,-1
-66,-18,-1
-67,-18,0
-68,-19,4
-68,-20,2
-64,-21,-2
-64,-21,-2
-63,-22,-5
-65,-20,-2
-65,-20,3
-65,-19,7
-65,-21,7
-67,-23,12
-69,-23,19
-72,-25,20
-71,-30,22
-72,-33,21
-68,-32,24
-56,-32,23
-54,-36,19
-44,-29,24
-37,-26,30
-33,-22,31
-22,-22,35
-22,-23,34
-15,-23,35
-35,-24,40
-53,-17,36
-36,-26,40
-37,-30,42
-40,-34,48
-42,-32,46
-37,-30,43
-31,-27,39
-30,-23,36
-23,-20,40
-24,-20,35
-29,-17,34
-33,-22,29
-44,-27,26
-56,-32,27
-67,-36,37
-75,-36,40
-73,-38,44
-71,-38,46
-64,-33,43
-62,-36,40
-56,-36,40
-46,-33,35
-40,-28,36
-31,-26,38
-31,-23,37
-27,-21,36
-20,-21,41
-21,-22,48
-18,-24,50
-23,-26,49
-24,-28,53
-25,-29,53
-20,-32,55
-20,-32,54
-17,-30,52
-15,-28,51
-8,-23,53
-9,-22,51
-10,-24,51
-16,-27,53
-15,-28,53
-15,-28,53
-17,-29,52
-16,-28,53
-22,-28,51
-21,-28,51
-22,-31,53
-22,-28,52
-24,-27,50
-22,-25,44
-20,-23,43
-18,-18,39
-24,-17,37
-24,-18,32
-38,-18,18
-46,-21,5
-46,-23,3
-75,-27,-4
-78,-31,-1
-81,-30,12
-90,-19,-3
-81,-21,-5
-67,-17,-17
-57,-16,-14
-75,-11,-23
-70,-15,-23
-68,-14,-25
-63,-13,-34
-61,-13,-36
-61,-11,-33
-52,-8,-35
-53,-8,-36
-53,-7,-36
-49,-8,-39
-48,-8,-44
-49,-9,-45
-47,-12,-45
-46,-12,-45
-47,-11,-45
-47,-11,-45
-46,-10,-43
-46,-11,-43
-48,-8,-42
-47,-9,-42
-47,-10,-44
-47,-11,-44
-48,-10,-45
-47,-12,-44
-45,-12,-44
-46,-11,-44
-46,-10,-44
-46,-11,-43
-47,-10,-44
-47,-10,-43
-47,-10,-42
-48,-9,-43
-50,-9,-43
-51,-7,-42
-51,-11,-42
-49,-11,-41
-46,-12,-43
-43,-13,-45
-37,-15,-48
-40,-16,-50
-42,-14,-50
-41,-12,-46
-44,-12,-44
-48,-9,-46
-47,-10,-41
-48,-8,-42
-47,-5,-46
-43,-9,-48
-44,-10,-49
-41,-11,-49
-38,-12,-51
-38,-13,-52
-38,-14,-53
-39,-14,-53
-37,-14,-54
-36,-14,-54
-36,-14,-51
-37,-13,-51
-37,-13,-51
-39,-12,-52
-39,-12,-51
-38,-12,-50
-36,-13,-50
-33,-13,-51
-35,-16,-53
-36,-15,-55
-36,-15,-55
-37,-14,-53
-37,-13,-52
-35,-13,-51
-35,-14,-52
-35,-15,-53
-34,-16,-53
-34,-16,-55
-34,-15,-55
-33,-13,-54
-33,-14,-54
-34,-12,-54
-34,-11,-54
-34,-13,-55
-32,-13,-56
-34,-13,-57
-35,-15,-54
-35,-13,-58
-35,-16,-57
-35,-16,-54
-35,-15,-50
-33,-15,-51
-36,-15,-52
-35,-15,-53
-34,-14,-55
-35,-14,-51
-37,-13,-47
-35,-12,-48
-35,-16,-49
-37,-16,-46
-38,-17,-47
-39,-15,-52
-38,-15,-54
-39,-15,-54
-36,-17,-50
-36,-17,-49
-38,-18,-45
-39,-19,-49
-40,-19,-51
-39,-20,-54
-38,-20,-54
-41,-19,-52
-40,-18,-48
-39,-17,-48
-37,-19,-48
-36,-20,-48
-38,-21,-44
-38,-21,-47
-41,-21,-48
-37,-20,-46
-38,-20,-48
-41,-21,-46
-44,-23,-42
-43,-24,-42
-43,-23,-44
-45,-24,-48
-39,-24,-42
-40,-25,-43
-46,-25,-46
-41,-22,-41
-39,-24,-39
-42,-23,-40
-47,-26,-40
-44,-26,-38
-51,-28,-41
-42,-25,-42
-43,-27,-42
-43,-25,-38
-44,-24,-38
-42,-26,-38
-42,-26,-40
-41,-26,-41
-42,-27,-40
-42,-28,-41
-41,-28,-42
-42,-29,-42
-42,-28,-41
-41,-28,-42
-40,-27,-40
-41,-27,-40
-42,-28,-41
-42,-28,-41
-42,-30,-42
-43,-29,-41
-44,-28,-42
-42,-28,-41
-43,-28,-41
-41,-26,-42
-40,-28,-40
-41,-27,-39
-41,-29,-41
-41,-29,-41
-42,-30,-42
-42,-29,-42
-42,-28,-41
-41,-27,-40
-41,-28,-40
-42,-28,-40
-42,-28,-41
-42,-28,-41
-42,-29,-42
-42,-29,-41
-41,-28,-41
-41,-28,-41
-42,-28,-41
-41,-27,-40
-42,-28,-41
-42,-28,-41
-42,-27,-41
-42,-28,-42
-40,-28,-41
-41,-29,-42
-39,-28,-41
-40,-27,-42
-39,-27,-41
-39,-27,-41
-38,-26,-42
-38,-24,-41
-38,-24,-40
-38,-24,-40
-41,-25,-40
-42,-24,-42
-44,-24,-43
-42,-24,-45
-46,-25,-45
-42,-25,-46
-44,-27,-44
-43,-24,-42
-44,-23,-43
-43,-23,-44
-44,-20,-43
-44,-20,-43
-44,-19,-45
-44,-20,-45
-43,-18,-43
-45,-18,-44
-48,-15,-45
-45,-14,-43
-47,-13,-43
-50,-13,-43
-50,-11,-42
-46,-11,-41
-49,-11,-42
-51,-12,-43
-50,-13,-43
-52,-13,-44
-53,-14,-47
-55,-15,-49
-53,-17,-50
-52,-18,-49
-51,-18,-51
-46,-20,-53
-47,-21,-51
-54,-23,-41
-62,-23,-29
-63,-24,-29
-53,-22,-30
-50,-19,-27
-45,-18,-29
-40,-11,-29
-32,-7,-21
-33,-2,-13
-32,0,-13
-33,-7,-24
-42,-14,-28
-50,-16,-28
-62,-12,-39
-74,-12,-42
-80,-19,-26
-86,-15,-37
-86,-18,-32
-81,-14,-39
-81,-10,-46
-65,-12,-44
-57,-11,-36
-55,-7,-30
-58,-6,-28
-51,-3,-27
-40,-4,-24
-38,-10,-27
-54,-16,-40
1,-21,-37
-44,-15,-37
-59,-16,-43
-62,-16,-49
-58,-17,-46
-52,-17,-37
-52,-14,-34
-55,-15,-37
-49,-13,-32
-52,-16,-34
-48,-16,-39
-44,-16,-39
-43,-16,-35
-50,-16,-39
-48,-17,-41
-49,-19,-41
-52,-19,-40
-53,-19,-40
-54,-18,-40
-53,-16,-38
-52,-16,-36
-51,-18,-38
-51,-18,-39
-52,-17,-39
-53,-16,-42
-53,-16,-43
-55,-16,-50
-50,-19,-47
-43,-23,-41
-48,-14,-37
-55,-17,-38
-44,-13,-34
-46,-15,-35
-46,-15,-34
-46,-15,-38
-48,-16,-43
-47,-16,-44
-46,-15,-44
-46,-15,-50
-50,-13,-49
-47,-11,-47
-47,-12,-42
-49,-15,-43
-53,-12,-44
-52,-12,-38
-55,-12,-38
-54,-10,-38
-55,-10,-38
-58,-11,-34
-59,-12,-41
-59,-13,-51
-69,-26,-58
-59,-29,-54
-52,-31,-52
-51,-31,-44
-50,-31,-42
-54,-29,-35
-50,-35,-25
-57,-35,-19
-51,-35,-7
-44,-36,-6
-35,-24,5
-37,-17,12
-30,-11,24
-40,-8,38
-23,-10,52
-15,-23,43
-26,-29,43
-27,-31,48
-26,-33,51
-21,-34,54
-30,-33,49
-20,-23,40
-33,-20,21
-51,-21,4
-68,-20,13
-114,-33,21
-16,-29,56
-52,-40,34
-51,-30,38
-48,-25,38
-46,-22,34
-44,-24,32
-46,-21,35
-45,-26,37
-49,-28,37
-49,-28,36
-45,-28,37
-49,-27,37
-47,-27,37
-48,-31,39
-48,-30,42
-51,-32,40
-49,-30,40
-42,-32,44
-43,-31,37
-51,-30,39
-38,-25,43
-33,-25,45
-43,-13,33
-35,-5,35
-32,-15,38
-38,-25,41
-44,-23,41
-42,-24,44
-43,-22,40
-47,-22,36
-30,-19,23
-43,-23,27
-47,-24,35
-50,-30,36
-49,-32,41
-58,-33,45
-58,-30,34
-55,-28,33
-54,-25,30
-54,-23,33
-46,-23,37
-45,-22,38
-45,-22,38
-44,-22,39
-45,-22,39
-46,-24,41
-45,-25,42
-44,-24,42
-44,-23,41
-42,-22,42
-44,-22,41
-45,-24,42
-47,-26,43
-41,-26,50
-41,-25,52
-39,-25,53
-38,-24,51
-37,-23,48
-31,-22,50
-26,-20,49
-24,-19,49
-20,-16,50
-20,-16,49
-20,-18,47
-21,-18,51
-25,-19,50
-28,-21,47
-29,-21,46
-30,-21,46
-34,-21,45
-35,-22,43
-38,-24,44
-39,-24,43
-44,-24,40
-46,-24,44
-48,-25,41
-55,-27,42
-52,-27,38
-56,-26,40
-49,-24,40
-49,-24,38
-49,-24,37
-49,-23,37
-48,-22,35
-47,-21,35
-47,-22,34
-47,-21,32
-46,-21,30
-47,-21,31
-50,-21,31
-48,-21,29
-53,-21,29
-53,-23,28
-55,-23,27
-55,-22,26
-57,-22,27
-54,-22,22
-58,-21,25
-56,-21,23
-57,-22,22
-58,-21,22
-62,-22,23
-62,-24,22
-61,-23,23
-61,-23,24
-59,-22,22
-56,-20,21
-57,-21,21
-56,-21,22
-57,-21,22
-57,-21,22
-57,-21,23
-57,-21,24
-56,-21,24
-55,-22,24
-56,-21,25
-56,-21,24
-55,-20,24
-54,-20,24
-54,-20,24
-54,-21,24
-55,-22,26
-56,-22,25
-56,-22,26
-56,-22,28
-57,-23,29
-57,-22,29
-55,-22,28
-55,-21,28
-55,-21,29
-54,-21,29
-53,-21,29
-50,-20,29
-51,-20,30
-52,-20,31
-51,-22,31
-50,-22,31
-50,-21,32
-49,-20,33
-49,-21,32
-51,-21,33
-51,-21,33
-51,-22,33
-51,-21,33
-51,-21,33
-51,-21,33
-51,-21,33
-51,-22,33
-51,-21,33
-51,-21,33
-51,-21,33
-51,-21,34
-51,-21,33
-51,-21,33
-51,-21,33
-50,-21,33
-51,-21,32
-51,-20,32
-48,-21,31
-48,-20,30
-54,-20,25
-54,-20,27
-51,-21,27
-56,-21,29
-57,-21,29
-56,-21,28
-58,-21,27
-59,-23,30
-58,-24,29
-59,-25,30
-60,-27,35
-62,-27,38
-63,-28,41
-60,-28,39
-60,-28,39
-52,-28,43
-47,-25,41
-45,-26,37
-36,-23,36
-33,-22,38
-30,-17,43
-22,-18,45
-20,-18,47
-14,-14,47
-12,-12,47
-11,-12,49
-15,-17,51
-16,-20,55
-20,-22,54
-18,-23,55
-22,-23,54
-21,-20,51
-25,-21,50
-23,-20,49
-21,-20,53
-27,-20,45
-29,-16,45
-27,-18,42
-29,-20,39
-45,-23,36
-46,-24,36
-57,-28,40
-55,-27,42
-59,-30,39
-57,-26,40
-54,-26,39
-57,-24,40
-57,-25,40
-51,-26,36
-51,-22,39
-49,-23,38
-47,-23,34
-46,-22,34
-46,-21,35
-46,-20,35
-46,-20,33
-47,-22,33
-49,-21,36
-49,-22,35
-51,-22,35
-52,-22,36
-54,-24,36
-53,-24,35
-53,-23,35
-50,-21,34
-50,-20,34
-50,-21,35
-50,-21,34
-49,-21,34
-50,-21,34
-50,-21,35
-50,-21,35
-50,-22,36
-50,-21,37
-49,-21,36
-49,-22,36
-48,-20,36
-47,-20,35
-47,-19,36
-47,-20,36
-47,-20,36
-48,-21,35
-48,-20,34
-48,-20,35
-48,-19,34
-48,-21,34
-51,-22,37
-50,-22,34
-51,-22,33
-48,-20,31
-50,-19,29
-48,-19,27
-51,-19,28
-50,-19,26
-55,-20,24
-56,-20,21
-58,-20,20
-58,-20,18
-61,-21,21
-63,-21,20
-65,-21,20
-64,-21,17
-63,-20,16
-63,-20,15
-63,-20,15
-62,-19,12
-60,-19,11
-59,-17,5
-56,-17,4
-57,-16,4
-57,-15,1
-59,-17,1
-65,-18,2
-69,-18,-1
-71,-19,3
-73,-18,7
-72,-18,7
-66,-17,5
-67,-17,5
-69,-17,7
-68,-16,7
-65,-16,6
-60,-16,6
-59,-16,4
-60,-17,6
-60,-20,12
-60,-19,10
-59,-17,13
-61,-18,17
-61,-18,17
-64,-21,21
-65,-21,25
-66,-21,30
-66,-23,29
-64,-22,28
-56,-21,31
-54,-23,33
-59,-24,36
-49,-23,39
-42,-22,43
-36,-17,35
-26,-17,36
-22,-12,37
-12,-9,40
-8,-10,40
-18,-9,40
-25,-12,36
-28,-12,39
-35,-15,37
-44,-16,37
-51,-20,33
-55,-21,32
-59,-23,30
-61,-22,26
-61,-21,26
-65,-20,25
-65,-21,19
-66,-21,21
-68,-21,22
-69,-21,21
-68,-21,16
-64,-21,13
-62,-19,11
-62,-18,11
-62,-17,11
-61,-18,10
-64,-18,12
-64,-19,11
-63,-18,12
-64,-18,12
-65,-19,14
-66,-20,16
-64,-21,17
-60,-18,15
-61,-19,17
-56,-19,16
-56,-18,17
-55,-18,17
-54,-18,17
-53,-18,18
-55,-17,20
-59,-18,23
-60,-20,23
-61,-22,24
-63,-22,28
-60,-21,30
-58,-22,29
-54,-22,28
-50,-18,26
-48,-17,23
-46,-17,24
-48,-16,26
-50,-18,28
-52,-19,28
-55,-20,28
-56,-20,28
-57,-21,29
-57,-21,29
-57,-21,29
-58,-20,29
-58,-20,28
-56,-20,29
-55,-20,29
-55,-20,31
-56,-21,32
-56,-22,32
-56,-21,37
-56,-22,38
-53,-21,35
-49,-20,32
-46,-18,31
-45,-17,31
-42,-16,33
-41,-17,34
-43,-17,36
-46,-19,37
-46,-19,37
-47,-20,38
-48,-20,38
-49,-20,39
-49,-20,38
-50,-21,35
-50,-21,38
-51,-21,38
-51,-21,38
-52,-21,38
-49,-19,37
-50,-20,36
-50,-20,37
-49,-20,36
-49,-21,36
-50,-21,37
-48,-21,37
-49,-20,37
-49,-21,39
-49,-21,40
-50,-21,41
-52,-20,40
-43,-23,44
-41,-21,44
-41,-22,47
-39,-22,46
-39,-22,47
-37,-23,50
-37,-23,55
-36,-23,55
-39,-22,57
-33,-21,60
-30,-20,61
-33,-23,45
-24,-20,57
-17,-21,57
-16,-23,53
-17,-23,56
-19,-21,59
-14,-25,56
-9,-24,55
-1,-24,54
1,-22,54
3,-21,52
5,-20,54
6,-20,56
7,-19,57
8,-19,58
5,-19,58
5,-21,58
8,-23,61
10,-24,61
6,-23,58
5,-22,57
8,-21,59
9,-21,59
12,-20,58
9,-21,59
9,-22,59
7,-23,59
8,-23,60
9,-22,59
6,-21,56
7,-19,55
6,-17,55
5,-19,56
7,-18,60
4,-16,55
-1,-19,53
-4,-22,51
-12,-24,52
-18,-22,49
-26,-20,41
-23,-17,39
-30,-18,24
-37,-21,19
-57,-24,20
-73,-30,20
-81,-38,20
-82,-29,26
-81,-25,27
-70,-24,22
-69,-22,23
-73,-23,23
-69,-22,20
-64,-21,16
-63,-21,16
-60,-19,14
-59,-19,17
-61,-22,20
-65,-23,27
-65,-25,28
-61,-24,35
-62,-23,34
-57,-25,41
-64,-26,30
-62,-27,26
-38,-25,30
-35,-15,34
-31,-14,34
-24,-12,41
-23,-13,42
-23,-14,46
-25,-18,47
-29,-20,46
-30,-22,52
-32,-23,53
-32,-27,54
-31,-26,55
-32,-26,56
-32,-27,58
-32,-27,58
-25,-25,56
-22,-23,52
-19,-21,53
-15,-22,53
-11,-21,56
-10,-22,57
-8,-20,56
-11,-20,55
-10,-22,55
-8,-22,57
-8,-23,59
-11,-23,59
-13,-26,59
-13,-26,60
-12,-27,60
-9,-25,61
-4,-22,58
-5,-20,57
-3,-19,55
-2,-20,58
1,-22,61
1,-24,60
1,-23,61
5,-22,58
3,-23,60
-2,-20,61
1,-19,59
0,-18,58
-1,-21,58
1,-24,61
-1,-24,62
0,-23,61
0,-23,60
2,-22,61
3,-21,60
4,-20,60
6,-19,58
9,-17,57
10,-15,58
4,-17,56
2,-20,57
-1,-24,59
2,-22,59
-3,-21,57
-7,-21,59
-5,-24,61
-3,-28,58
-6,-24,59
-9,-22,56
-14,-19,50
-17,-18,50
-21,-22,50
-18,-21,50
-24,-22,50
-30,-23,51
-30,-26,51
-45,-24,43
-48,-24,41
-47,-23,43
-46,-23,43
-50,-24,40
-52,-23,40
-52,-23,42
-52,-23,42
-50,-24,38
-50,-23,40
-52,-21,41
-51,-25,38
-47,-24,40
-49,-20,37
-48,-20,36
-48,-21,36
-50,-21,37
-48,-21,38
-48,-21,39
-48,-21,38
-47,-21,39
-47,-21,38
-47,-21,39
-47,-22,40
-47,-21,39
-47,-21,39
-44,-21,39
-44,-20,39
-44,-19,39
-43,-20,39
-46,-21,41
-48,-22,41
-48,-25,41
-49,-23,46
-51,-22,45
-47,-22,45
-44,-21,44
-43,-22,44
-36,-19,45
-31,-18,44
-31,-18,45
-31,-17,45
-32,-19,46
-40,-24,49
-41,-24,54
-43,-24,55
-40,-26,59
-41,-26,59
-42,-27,55
-29,-25,53
-23,-23,52
-18,-17,49
-15,-16,48
-4,-15,54
-6,-17,53
-10,-17,53
-2,-19,57
-2,-17,58
-5,-16,58
-6,-20,58
-3,-21,60
-7,-21,58
-7,-22,57
-9,-21,54
-8,-22,57
-6,-21,57
-5,-14,51
-4,-10,45
-7,-8,41
-10,-12,34
-20,-14,29
-38,-20,21
-64,-23,11
-72,-26,10
-56,-32,24
-76,-29,4
-74,-20,1
-80,-16,-5
-78,-17,-4
-73,-17,-6
-82,-15,-9
-70,-13,-13
-77,-12,-12
-78,-13,-12
-70,-9,-21
-67,-10,-25
-70,-10,-22
-65,-9,-18
-60,-8,-20
-60,-7,-28
-62,-9,-29
-59,-10,-28
-59,-9,-28
-59,-8,-29
-67,-9,-28
-72,-12,-18
-68,-11,-15
-69,-13,-12
-72,-14,-17
-62,-18,-21
-66,-17,-30
-61,-16,-25
-56,-17,-16
-57,-17,-14
-56,-15,-14
-54,-15,-8
-53,-15,-4
-57,-14,-2
-59,-15,-1
-65,-21,6
-73,-26,15
-79,-28,23
-84,-27,22
-70,-30,17
-64,-28,17
-43,-23,16
-41,-18,16
-30,-11,23
-20,-8,25
-22,-4,26
-32,-9,26
-34,-13,27
-41,-21,26
-51,-22,28
-52,-21,23
-54,-19,17
-52,-19,15
-69,-20,16
-72,-20,12
-71,-20,9
-68,-22,0
-66,-20,1
-66,-17,-3
-67,-15,-7
-67,-16,-7
-64,-15,-12
-64,-13,-17
-64,-12,-24
-62,-14,-31
-59,-15,-35
-61,-13,-32
-58,-11,-29
-56,-8,-27
-58,-5,-29
-56,-6,-32
-66,-7,-40
-56,-10,-42
-55,-11,-42
-52,-10,-37
-47,-8,-40
-49,-8,-39
-57,-8,-42
-61,-10,-38
-62,-8,-37
-62,-10,-30
-61,-12,-32
-58,-14,-39
-55,-16,-42
-48,-17,-47
-41,-14,-48
-31,-8,-42
-30,-5,-37
-37,-8,-36
-39,-10,-42
-42,-11,-40
-53,-11,-38
-57,-11,-38
-54,-11,-38
-54,-11,-40
-50,-8,-44
-52,-8,-44
-54,-6,-44
-55,-8,-45
-56,-7,-39
-50,-4,-47
-58,0,-63
-53,-15,-44
-29,-17,-30
-36,-15,-58
-33,-19,-60
-31,-18,-54
-39,-11,-49
-39,-8,-50
-39,-11,-47
-39,-12,-47
-41,-12,-51
-39,-14,-56
-39,-14,-53
-38,-15,-52
-36,-15,-51
-39,-16,-51
-38,-16,-52
-34,-16,-54
-38,-15,-51
-38,-15,-49
-38,-14,-48
-37,-16,-48
-32,-15,-43
-34,-16,-44
-41,-16,-52
-33,-16,-47
-35,-18,-43
-53,-20,-54
-45,-19,-52
-45,-16,-46
-48,-18,-48
-46,-16,-48
-43,-16,-43
-42,-15,-42
-41,-11,-40
-40,-11,-38
-39,-11,-36
-49,-8,-34
-49,-9,-36
-52,-9,-28
-60,-6,-20
-63,-10,-16
-67,-10,-10
-69,-9,-8
-73,-8,-1
-74,-8,1
-70,-6,3
-71,-5,9
-68,-3,9
-66,-3,8
-66,-1,10
-65,-1,11
-66,1,9
-63,2,9
-57,-1,11
-57,-3,10
-58,-3,10
-61,-2,7
-62,-2,7
-63,2,9
-57,-1,11
-57,-3,10
-58,-3,10
-61,-2,7
-62,-2,7
-65,-1,8
-68,2,7
-68,3,7
-67,3,7
-67,3,8
-67,6,8
-65,6,9
-64,6,10
-62,7,11
-62,6,11
-62,5,11
-60,4,10
-60,3,9
-62,3,8
-62,2,8
-63,0,7
-67,1,7
-67,0,6
-68,0,9
-61,0,7
-65,-1,1
-70,3,-4
-73,2,-7
-81,3,-10
-72,-1,-14
-70,-4,-14
-74,-4,-14
-77,-9,-17
-77,-15,-11
-80,-19,-17
-56,-20,-5
-52,-29,1
-75,-22,-14
-53,-27,-11
-50,-29,2
-62,-28,-5
-57,-29,-14
-57,-27,-19
-62,-23,2
-59,-34,11
-57,-38,11
-56,-40,9
-48,-40,16
-37,-39,20
-42,-34,20
-41,-32,29
-35,-28,40
-29,-33,40
-32,-22,35
-16,-17,35
-14,-14,29
-3,-6,20
18,7,27
22,15,27
25,22,27
32,23,30
63,41,46
63,32,42
63,40,55
72,30,97
62,19,92
47,7,73
35,3,62
30,3,60
31,-6,55
18,11,58
38,-3,67
22,-2,78
25,-5,90
3,-5,92
-10,-8,84
-43,-16,61
-52,-21,54
-41,-16,49
-10,-11,63
-14,-7,64
-12,-15,56
-29,-16,53
-38,-23,45
-39,-28,31
-22,-36,41
-16,-38,40
1,-38,49
-2,-39,46
-4,-27,61
2,-20,66
-5,-25,55
-53,-26,39
-81,-31,28
-41,-35,40
-44,-25,50
-43,-23,49
-30,-20,45
-24,-20,45
-19,-18,49
-7,-13,51
-5,-16,48
-3,-13,48
-6,-14,53
-19,-25,54
-11,-30,59
-12,-31,59
-19,-28,57
-22,-30,53
-14,-30,53
-16,-27,52
-16,-24,54
-17,-25,51
-18,-20,43
-17,-14,39
-9,-13,36
-13,-6,30
-30,-10,4
-40,-11,-14
-51,-13,-27
-84,-32,-50
-94,-31,-47
-86,-32,-42
-113,-27,-23
-113,-22,-14
-103,-13,-2
-108,2,-11
-101,3,-18
-50,-1,-2
-64,6,-13
-61,-3,-25
-55,-8,-18
-63,-19,-14
-72,-18,-26
-67,-19,-39
-48,-17,-46
-40,-15,-37
-20,-12,-60
-34,-18,-36
-36,-17,-28
-51,-20,-29
-59,-25,-34
-60,-23,-42
-52,-22,-47
-61,-20,-51
-47,-17,-49
-39,-19,-53
-34,-17,-57
-11,-15,-57
-13,-13,-44
-36,-13,-44
-42,-15,-36
-49,-17,-40
-56,-20,-44
-52,-21,-44
-44,-18,-49
-48,-14,-54
-48,-14,-49
-55,-13,-58
-57,-13,-61
-45,-15,-41
-56,-18,-38
-59,-18,-40
-57,-20,-41
-62,-20,-38
-61,-22,-32
-61,-23,-22
-65,-26,-21
-74,-32,-28
-74,-42,-20
-79,-40,-15
-91,-31,-8
-73,-27,-5
-47,-26,-10
-32,-20,-9
-33,-14,-10
-15,-10,3
-8,-10,11
-2,-9,28
-29,-5,42
-51,-9,43
-14,-15,61
-17,-20,44
-30,-24,19
-45,-21,23
-50,-22,20
-61,-29,14
-60,-30,16
-69,-27,9
-72,-24,5
-76,-23,8
-79,-24,7
-75,-25,6
-74,-27,1
-74,-21,-2
-73,-17,-1
-67,-12,-4
-67,-14,-8
-66,-15,-8
-65,-16,-10
-63,-15,-15
-62,-14,-19
-61,-14,-17
-61,-14,-15
-62,-15,-13
-59,-15,-12
-63,-16,-13
-64,-16,-14
-65,-16,-12
-64,-15,-10
-65,-15,-8
-68,-16,0
-68,-16,2
-68,-17,3
-62,-20,1
-63,-21,0
-60,-18,1
-56,-15,1
-53,-13,-2
-56,-15,1
-58,-17,2
-60,-17,4
-59,-17,7
-57,-17,7
-62,-17,2
-63,-19,4
-62,-18,4
-62,-16,5
-64,-14,5
-65,-15,6
-66,-17,5
-65,-16,4
-62,-17,2
-64,-16,1
-64,-15,2
-64,-14,1
-64,-14,2
-64,-15,1
-63,-15,3
-64,-16,3
-63,-15,0
-63,-15,1
-64,-16,1
-63,-16,1
-63,-16,-1
-63,-16,1
-63,-16,3
-64,-15,3
-62,-16,3
-62,-15,3
-63,-15,4
-63,-15,4
-63,-15,4
-62,-15,2
-62,-15,1
-62,-16,1
-62,-15,1
-62,-13,3
-63,-13,6
-64,-13,5
-64,-14,4
-64,-14,3
-64,-14,1
-64,-13,0
-63,-13,1
-63,-13,3
-63,-13,3
-64,-14,3
-65,-14,4
-66,-15,6
-66,-15,7
-67,-16,9
-64,-16,12
-67,-17,10
-65,-16,9
-63,-16,8
-57,-15,7
-57,-15,7
-55,-15,7
-56,-15,9
-58,-16,10
-59,-16,10
-61,-17,11
-60,-15,11
-59,-15,10
-60,-16,10
-61,-17,8
-59,-16,6
-63,-15,6
-62,-16,7
-64,-15,7
-65,-16,8
-67,-16,9
-65,-15,7
-64,-16,7
-66,-16,8
-65,-15,7
-65,-15,6
-65,-16,7
-65,-16,7
-63,-17,5
-60,-16,3
-59,-15,3
-59,-15,4
-59,-15,4
-62,-16,6
-62,-17,6
-61,-16,7
-62,-16,7
-64,-16,9
-64,-17,8
-63,-16,7
-62,-16,7
-64,-16,10
-67,-17,12
-68,-18,14
-69,-19,19
-68,-18,21
-63,-19,19
-63,-20,18
-62,-20,19
-58,-19,23
-60,-18,17
-54,-20,19
-53,-18,24
-53,-17,22
-50,-18,22
-49,-18,25
-48,-18,28
-49,-19,30
-51,-20,31
-52,-20,35
-53,-21,36
-52,-21,36
-50,-21,36
-50,-20,36
-52,-21,37
-49,-21,37
-51,-21,36
-47,-21,38
-47,-20,37
-47,-20,35
-48,-23,39
-47,-26,40
-47,-21,48
-50,-22,47
-51,-21,44
-44,-22,41
-42,-22,40
-41,-22,41
-38,-20,42
-36,-21,43
-38,-20,45
-38,-20,49
-35,-23,49
-38,-26,51
-35,-26,62
-43,-27,58
-43,-24,58
-37,-24,49
-32,-22,47
-23,-19,47
-21,-18,49
-19,-16,51
-14,-16,52
-16,-21,51
-17,-22,56
-17,-22,59
-21,-22,57
-15,-22,54
-13,-19,55
-15,-16,57
-10,-19,58
-9,-19,57
-4,-17,61
-7,-19,58
-7,-20,59
-9,-20,58
-9,-21,59
-12,-23,59
-16,-23,66
-15,-23,66
-15,-26,62
-16,-25,63
-13,-24,64
-9,-24,59
-6,-22,57
4,-18,55
8,-16,54
15,-10,54
27,-7,49
30,-4,48
36,-2,49
35,-1,49
40,-3,51
45,-2,52
42,-3,52
39,-4,54
41,-6,53
41,-7,53
31,-8,53
32,-9,54
34,-8,53
33,-8,53
33,-7,53
36,-6,52
37,-6,53
35,-7,53
33,-7,54
33,-8,54
33,-8,54
34,-8,54
33,-7,53
32,-7,54
32,-7,54
33,-8,54
33,-7,54
33,-7,54
34,-8,54
32,-8,54
31,-8,55
32,-8,55
33,-7,55
36,-5,54
40,-2,56
40,-1,51
38,1,54
38,-3,53
32,-10,53
27,-11,54
10,-12,48
-3,-13,51
-6,-16,49
-12,-23,53
-17,-23,53
-27,-26,53
-29,-27,52
-33,-27,56
-36,-29,60
-37,-28,61
-33,-29,64
-24,-27,59
-18,-22,59
-15,-16,54
-14,-14,53
-15,-15,53
-15,-13,44
-17,-14,40
-20,-13,44
-24,-15,42
-26,-17,41
-50,-27,29
-58,-22,29
-54,-24,29
-69,-26,30
-65,-28,35
-67,-26,29
-65,-25,25
-60,-22,19
-53,-17,9
-49,-15,4
-52,-15,-4
-54,-15,-3
-58,-13,-4
-66,-13,-7
-67,-14,-10
-74,-13,-13
-73,-15,-9
-66,-11,-12
-74,-12,-14
-74,-12,-15
-67,-9,-21
-68,-8,-19
-66,-5,-22
-63,-7,-25
-64,-7,-24
-64,-5,-28
-64,-4,-31
-59,-5,-32
-55,-3,-33
-55,-4,-33
-54,-3,-34
-54,-4,-37
-54,-5,-34
-50,-3,-33
-48,0,-39
-51,0,-33
-54,-1,-32
-60,-1,-35
-56,-7,-28
-61,-9,-31
-54,-7,-38
-52,-11,-32
-53,-11,-33
-54,-13,-38
-51,-13,-39
-51,-11,-40
-58,-11,-42
-56,-10,-43
-53,-7,-42
-52,-7,-40
-51,-6,-36
-50,-6,-36
-49,-7,-35
-47,-7,-38
-50,-9,-42
-51,-9,-44
-50,-9,-44
-50,-9,-43
-49,-9,-40
-48,-9,-41
-49,-9,-41
-48,-9,-41
-50,-9,-42
-49,-10,-42
-49,-10,-43
-49,-10,-43
-49,-11,-43
-49,-11,-44
-49,-10,-43
-50,-12,-42
-49,-12,-41
-44,-10,-47
-44,-6,-49
-42,-4,-34
-41,-1,-30
-51,-1,-39
-50,-4,-39
-43,-6,-32
-52,-11,-37
-60,-11,-41
-62,-10,-36
-52,-7,-28
-57,-8,-30
-61,-5,-31
-57,-3,-27
-60,0,-26
-64,-3,-29
-61,-2,-26
-58,-1,-24
-57,-1,-19
-58,0,-15
-53,2,-16
-55,5,-4
-57,7,3
-61,5,3
-64,6,2
-71,7,0
-82,12,5
-76,10,6
-74,11,-2
-73,11,-6
-68,12,-6
-61,12,-4
-60,11,-4
-58,11,-3
-58,11,-3
-61,12,-2
-62,12,-3
-62,12,-3
-63,11,-4
-65,13,-6
-68,14,-7
-67,17,-7
-68,18,-6
-67,18,-4
-71,16,-2
-71,15,-1
-70,11,-2
-68,8,-2
-66,2,-5
-66,-4,-5
-67,-4,-5
-65,-6,-5
-66,-6,-9
-69,-7,-11
-67,-8,-8
-67,-9,-6
-69,-11,-6
-68,-12,-9
-67,-13,-12
-59,-11,-10
-60,-14,-16
-56,-5,-17
-56,-4,-15
-54,-6,-12
-59,-13,-8
-61,-15,-11
-58,-23,-13
-58,-23,-9
-51,-23,-15
-44,-22,-26
-48,-14,-45
-43,-12,-9
-57,-11,-6
-54,-13,-15
-53,-18,-19
-57,-21,-19
-55,-20,-17
-61,-16,-23
-61,-18,-21
-65,-18,-23
-67,-18,-22
-71,-17,-22
-71,-15,-23
-70,-15,-23
-64,-13,-21
-60,-13,-21
-62,-15,-26
-62,-17,-29
-60,-17,-27
-57,-16,-25
-55,-16,-26
-53,-16,-27
-50,-16,-25
-50,-15,-24
-56,-15,-25
-58,-15,-27
-59,-15,-25
-60,-17,-23
-61,-19,-24
-59,-18,-25
-58,-17,-27
-57,-17,-25
-55,-16,-26
-55,-16,-27
-56,-16,-24
-55,-16,-26
-57,-15,-27
-63,-16,-23
-67,-17,-22
-72,-20,-22
-78,-19,-14
-79,-18,-11
-72,-16,-6
-74,-19,-6
-71,-27,-2
-76,-32,-8
-77,-33,-8
-70,-40,-2
-68,-37,0
-58,-36,7
-43,-30,14
-46,-28,14
-32,-21,23
-35,-20,29
-24,-19,39
-10,-17,48
-12,-17,45
-12,-19,47
-9,-22,53
-9,-25,56
-14,-28,53
-9,-29,54
-6,-25,55
6,-20,52
13,-17,49
26,-7,45
29,-4,45
38,0,49
56,0,59
55,1,61
53,-4,61
46,-7,62
38,-6,60
42,4,68
46,6,65
42,6,47
34,6,36
13,1,23
-1,-10,20
-9,-14,11
-38,-37,-22
-51,-32,-28
-67,-17,-27
-65,-22,-44
-73,-19,-62
-102,-23,-52
-89,-30,-39
-80,-25,-54
-91,-22,-43
-96,-20,-38
-101,-14,-44
-81,-11,-36
-75,-13,-34
-48,-13,-66
-46,-12,-63
-43,-6,-34
-37,2,-42
-36,10,-40
-32,7,-28
-33,8,-29
-45,6,-32
-50,2,-38
-58,-2,-43
-66,-13,-38
-73,-18,-40
-87,-28,-52
-86,-39,-50
-81,-42,-54
-66,-41,-53
-64,-37,-51
-67,-37,-23
-74,-28,-20
-64,-30,-19
-38,-28,-11
-31,-15,0
-31,-5,9
-28,-5,17
-23,-7,23
-29,-17,31
-44,-30,32
-46,-35,43
-42,-35,51
-43,-35,49
-43,-34,45
-40,-31,48
-36,-31,53
-39,-27,48
-41,-31,38
-35,-25,21
-13,-9,43
-22,-7,42
-26,-7,33
-20,-8,28
-22,-22,18
-42,-20,19
-48,-21,15
-59,-29,4
-66,-30,1
-71,-28,-6
-76,-27,-12
-75,-26,-10
-78,-23,-8
-81,-23,-4
-71,-17,-13
-68,-14,-19
-71,-13,-20
-65,-10,-25
-67,-11,-22
-64,-11,-26
-66,-7,-27
-62,-7,-28
-62,-5,-30
-55,-9,-36
-50,-12,-37
-47,-14,-44
-42,-13,-46
-45,-12,-49
-44,-9,-45
-42,-9,-43
-44,-7,-42
-49,-7,-44
-45,-7,-48
-45,-10,-49
-45,-10,-50
-45,-10,-48
-44,-9,-44
-45,-9,-43
-50,-5,-42
-53,-4,-42
-52,-6,-39
-50,-11,-43
-47,-13,-45
-40,-14,-48
-37,-16,-45
-45,-16,-52
-35,-15,-49
-36,-14,-50
-47,-13,-44
-48,-12,-42
-51,-9,-40
-50,-8,-37
-51,-10,-38
-53,-10,-42
-53,-10,-42
-47,-10,-41
-49,-11,-42
-48,-10,-42
-42,-12,-42
-43,-12,-43
-48,-11,-46
-43,-12,-45
-43,-12,-47
-42,-13,-47
-38,-13,-44
-36,-14,-51
-41,-13,-54
-48,-14,-56
-47,-10,-56
-45,-10,-56
-37,-8,-53
-38,-9,-52
-41,-9,-51
-42,-7,-50
-41,-8,-49
-44,-10,-50
-39,-12,-49
-34,-15,-51
-21,-15,-50
-32,-18,-48
-34,-13,-48
-27,-11,-50
-31,-12,-50
-34,-19,-52
-32,-24,-57
-30,-26,-61
-27,-23,-62
-30,-20,-59
-32,-18,-54
-31,-16,-52
-32,-17,-51
-32,-18,-49
-34,-18,-49
-33,-19,-50
-32,-21,-54
-33,-21,-56
-32,-20,-55
-33,-19,-55
-33,-19,-53
-35,-19,-52
-36,-20,-53
-33,-20,-56
-32,-20,-55
-34,-19,-53
-30,-19,-53
-32,-19,-53
-33,-19,-53
-33,-19,-51
-32,-18,-50
-32,-15,-50
-32,-15,-49
-32,-16,-49
-32,-21,-53
-31,-21,-54
-29,-22,-55
-30,-21,-54
-30,-21,-53
-31,-21,-54
-32,-20,-53
-31,-19,-51
-32,-19,-51
-32,-20,-52
-32,-21,-53
-30,-21,-54
-32,-21,-54
-31,-20,-53
-31,-21,-54
-31,-20,-51
-32,-20,-51
-31,-20,-51
-32,-21,-53
-32,-21,-54
-32,-21,-54
-32,-20,-53
-32,-19,-52
-32,-20,-52
-32,-20,-52
-32,-19,-52
-32,-17,-51
-33,-15,-50
-36,-13,-49
-36,-12,-47
-39,-10,-51
-39,-8,-50
-52,-5,-57
-47,-6,-49
-53,-10,-43
-64,-23,-32
-62,-24,-27
-71,-23,-40
-66,-28,-41
-67,-28,-45
-53,-27,-50
-44,-26,-51
-38,-23,-44
-27,-19,-33
-28,-18,-28
-34,-13,-19
-37,-13,-21
-47,-15,-21
-60,-20,-25
-58,-22,-28
-61,-25,-27
-61,-23,-23
-63,-23,-21
-63,-21,-17
-63,-19,-17
-60,-18,-13
-64,-20,-19
-61,-22,-18
-59,-21,-20
-57,-20,-20
-55,-20,-17
-58,-20,-15
-58,-21,-16
-58,-21,-16
-58,-21,-17
-59,-21,-15
-60,-21,-16
-60,-21,-15
-60,-21,-14
-59,-21,-14
-60,-21,-15
-60,-22,-16
-59,-22,-15
-59,-22,-15
-59,-21,-14
-59,-21,-15
-60,-21,-15
-59,-21,-14
-59,-21,-13
-60,-21,-13
-59,-21,-13
-59,-21,-11
-59,-21,-9
-57,-23,-4
-66,-18,-8
-68,-18,-7
-67,-18,-2
-67,-18,-1
-62,-18,1
-61,-18,1
-61,-18,2
-61,-19,2
-62,-19,2
-62,-19,1
-61,-19,1
-61,-19,2
-62,-18,3
-62,-19,3
-62,-19,3
-62,-19,2
-62,-19,3
-62,-19,3
-62,-19,3
-62,-19,2
-63,-19,2
-62,-19,2
-62,-19,3
-62,-18,2
-62,-18,2
-62,-19,2
-62,-19,2
-62,-20,2
-62,-19,3
-62,-18,3
-61,-17,3
-62,-17,3
-62,-18,2
-63,-19,3
-63,-19,3
-63,-18,3
-62,-18,3
-62,-18,3
-62,-19,3
-62,-18,3
-62,-18,3
-62,-18,2
-62,-19,2
-62,-18,2
-62,-18,2
-62,-18,2
-62,-18,2
-61,-18,2
-61,-18,0
-60,-17,-1
-58,-17,-4
-57,-16,-2
-59,-16,-4
-60,-15,-6
-60,-14,-9
-57,-14,-14
-58,-13,-19
-59,-14,-20
-60,-12,-19
-64,-12,-20
-65,-14,-15
-63,-16,-20
-64,-16,-23
-63,-17,-26
-65,-15,-31
-62,-14,-29
-54,-13,-28
-52,-12,-29
-57,-11,-35
-52,-11,-32
-50,-11,-33
-52,-9,-34
-50,-9,-36
-48,-11,-36
-48,-14,-39
-46,-13,-44
-44,-19,-53
-42,-19,-51
-37,-22,-53
-35,-22,-64
-32,-20,-60
-32,-17,-60
-37,-10,-62
-45,-3,-54
-47,-5,-49
-52,-6,-46
-52,-4,-42
-60,-7,-49
-66,-11,-56
-74,-16,-62
-81,-20,-67
-63,-42,-31
-65,-41,-20
-60,-42,-22
-54,-47,-14
-62,-46,-10
-65,-42,-5
-69,-44,-10
-63,-41,-11
-56,-33,-10
-47,-24,-3
-32,-12,16
-29,-9,14
-5,-5,25
-7,-3,20
-4,1,19
8,15,20
38,27,14
42,36,14
74,51,26
80,50,28
85,43,35
104,21,68
100,2,71
69,3,49
66,3,39
51,13,38
45,21,18
47,27,15
50,34,19
49,33,20
52,26,17
48,26,17
52,26,17
58,30,16
58,31,17
55,29,19
53,28,14
52,30,11
55,33,13
54,33,12
55,31,13
56,30,12
51,28,12
56,25,20
63,28,22
62,30,22
53,24,23
52,25,26
58,23,31
56,20,38
61,18,39
67,17,46
64,15,47
63,12,47
56,15,48
58,16,49
49,18,45
38,17,43
35,11,44
29,2,37
19,0,38
3,-6,38
7,-11,38
2,-15,47
-5,-18,50
-5,-21,47
-12,-26,47
-15,-29,48
-19,-40,57
-28,-40,72
-18,-41,69
-24,-36,58
-18,-29,57
-11,-28,63
-6,-29,61
-9,-26,59
-5,-26,59
0,-21,60
-2,-21,57
-7,-20,58
-8,-21,57
-8,-26,51
-1,-25,48
3,-22,48
5,-18,45
12,-14,46
23,-7,47
16,-2,48
16,-1,47
34,1,49
29,1,42
32,3,42
39,15,46
46,19,44
63,31,49
64,26,41
57,22,41
46,18,27
34,32,33
72,49,41
72,36,31
81,37,37
67,29,45
58,26,34
51,29,31
48,27,21
47,31,23
63,35,29
66,34,29
47,27,14
43,17,5
56,33,15
74,37,31
69,31,30
58,33,32
44,27,21
43,23,16
61,17,34
64,15,47
34,15,58
14,0,67
16,-6,61
19,-15,61
27,-18,62
16,-15,53
24,-10,49
31,-7,51
42,-5,42
52,2,51
33,4,51
26,3,51
16,0,44
17,-9,52
11,-16,47
12,-15,48
20,-14,63
21,-13,64
23,-16,59
29,-16,60
32,-15,61
34,-13,56
35,-12,54
35,-10,52
31,-9,50
28,-9,50
27,-7,50
27,-7,49
24,-9,49
26,-10,52
31,-11,56
23,-15,55
24,-16,54
28,-15,59
19,-5,58
13,-5,57
-2,-13,48
-13,-13,47
-18,-12,49
-23,-10,55
-28,-9,59
-41,-1,61
-42,4,65
-36,5,67
-36,12,67
-37,15,70
-42,13,71
-54,11,59
-59,13,51
-54,18,42
-52,18,42
-46,18,49
-36,17,59
-29,13,61
-26,7,58
-25,5,56
-28,0,54
-27,-1,54
-27,-2,53
-26,-8,52
-22,-12,50
-19,-13,49
-16,-18,51
-17,-18,52
-25,-15,49
-29,-18,46
-32,-21,46
-30,-25,46
-28,-28,45
-27,-32,47
-33,-30,46
-37,-26,48
-37,-22,53
-34,-22,54
-30,-21,54
-32,-24,53
-34,-22,51
-37,-20,49
-32,-16,51
-31,-17,50
-31,-15,51
-29,-15,51
-30,-15,50
-29,-14,51
-31,-15,51
-29,-16,51
-29,-16,51
-31,-18,51
-34,-19,51
-36,-19,52
-37,-20,53
-39,-19,53
-39,-18,54
-36,-23,54
-36,-23,52
-37,-27,47
-38,-25,44
-42,-27,43
-47,-24,42
-48,-22,42
-48,-21,43
-47,-19,43
-43,-21,43
-42,-23,44
-42,-23,44
-44,-19,44
-44,-18,46
-39,-17,55
-28,-20,53
-15,-23,50
-9,-22,47
-9,-21,47
-17,-17,50
-23,-16,53
-25,-16,55
-47,-18,52
-53,-18,57
-57,-14,57
-76,-20,47
-79,-28,45
-84,-44,33
-72,-48,26
-64,-48,26
-39,-35,40
-21,-33,53
-34,-24,23
-17,-28,33
-33,-10,41
-18,-6,45
-15,2,53
-4,6,46
4,4,32
13,7,30
22,14,33
24,14,30
37,24,42
45,27,41
55,26,40
51,41,44
61,48,55
59,29,64
48,27,63
56,13,53
46,17,64
46,17,69
43,16,54
32,22,51
38,17,60
57,11,77
35,-5,85
20,-21,86
-31,-47,82
-66,-53,78
-59,-47,59
-29,-35,35
-23,-32,30
-15,-20,42
-27,-12,51
7,-19,49
17,-18,47
18,-14,50
-15,27,5
54,50,66
-20,17,57
-13,-23,75
14,-26,83
13,-19,60
9,-18,58
-12,-24,52
5,-17,61
6,-14,64
5,-14,61
1,-15,60
0,-17,61
-6,-18,59
3,-16,60
9,-12,63
8,-13,56
7,-16,54
8,-12,51
10,-11,48
10,3,49
1,-6,37
-9,-7,20
-45,-9,-5
-50,-17,-3
-69,-27,7
-107,-28,8
-97,-29,22
-106,-26,24
-109,-33,21
-81,-15,21
-80,-10,6
-71,-5,1
-71,4,-4
-66,1,-2
-67,-5,-3
-74,-11,-3
-75,-16,-5
-73,-22,-8
-69,-24,-10
-68,-22,-10
-62,-20,-10
-59,-20,-9
-47,-18,-10
-46,-13,-13
-41,-13,-10
-43,-14,-4
-48,-16,-4
-48,-20,-8
-54,-19,-19
-53,-15,-19
-54,-12,-17
-60,-14,-17
-70,-18,-15
-73,-18,-8
-70,-15,-8
-79,-8,-20
-82,-7,-28
-58,-5,-30
-75,2,-40
-67,5,-29
-75,3,-29
-76,4,-24
-92,-1,-21
-93,0,-10
-93,-2,-3
-88,-3,10
-81,1,15
-48,-7,26
-31,-10,16
-30,16,15
-26,-18,47
-17,-9,61
-22,-20,52
-41,-45,32
-43,-53,17
-36,-58,1
-13,-64,-1
-4,-62,3
-9,-42,41
-24,-16,53
-32,-10,55
-30,-15,38
-27,-18,33
-20,-20,41
-25,-14,38
-38,-15,27
-35,-11,52
-42,-18,52
-44,-24,43
-52,-23,31
-63,-14,-5
-121,-6,3
-75,-24,30
-62,-17,20
-80,-14,7
-74,-19,10
-66,-18,19
-56,-14,16
-61,-18,12
-77,-15,4
-78,-16,-7
-66,-18,-6
-38,-16,2
-52,-16,3
-46,-20,-6
-53,-19,-12
-58,-18,-8
-41,-17,2
-79,-16,-19
-77,-22,-38
-63,-13,-25
-58,-18,-17
-68,-15,-22
-55,-16,-27
-42,-16,-25
-44,-21,-27
-43,-13,-27
-66,-17,-29
-85,-18,-34
-31,-13,-24
-51,-18,-27
-65,-13,-33
-63,-15,-31
-78,-20,-35
-67,-22,-32
-71,-18,-29
-65,-14,-10
-60,-10,-7
-68,-14,-12
-61,-19,-10
-61,-19,-13
-58,-18,-15
-50,-18,-4
-46,-17,-2
-41,-14,-6
-51,-14,-9
-59,-17,1
-60,-22,2
-64,-22,1
-75,-20,5
-74,-20,15
-78,-19,11
-71,-22,14
-76,-22,11
-66,-26,16
-65,-26,21
-57,-24,14
-48,-24,3
-42,-19,0
-29,-11,-5
-35,-9,-17
-26,-15,-23
-58,-16,-2
-91,-25,9
-76,-26,3
-81,-22,-15
-65,-25,-26
-78,-22,-32
-78,-18,-27
-53,-22,-22
-54,-17,-25
-50,-19,-27
-48,-19,-32
-57,-20,-32
-54,-15,-25
-56,-16,-32
-48,-16,-33
-61,-17,-38
-54,-16,-33
-58,-15,-33
-53,-14,-36
-51,-14,-40
-49,-15,-44
-50,-13,-45
-54,-12,-47
-51,-12,-47
-52,-8,-42
-50,-9,-40
-44,-9,-40
-34,-16,-50
-53,-17,-52
-46,-14,-47
-35,-15,-46
-46,-15,-46
-47,-13,-48
-41,-11,-45
-44,-15,-46
-39,-15,-45
-43,-17,-46
-34,-16,-48
-33,-18,-54
-33,-17,-57
-25,-18,-54
-43,-25,-53
-51,-32,-61
-44,-12,-52
-45,-10,-53
-49,0,-50
-53,-1,-41
-52,-2,-40
-48,-3,-41
-44,-4,-40
-42,-3,-39
-42,-3,-43
-42,-7,-45
-37,-12,-47
-41,-16,-50
-40,-17,-54
-41,-15,-56
-42,-14,-55
-41,-13,-51
-42,-12,-48
-41,-11,-46
-41,-11,-45
-42,-10,-45
-41,-13,-48
-40,-13,-50
-42,-12,-50
-42,-9,-47
-43,-9,-47
-44,-9,-46
-44,-9,-45
-45,-11,-45
-47,-11,-46
-45,-11,-47
-46,-13,-48
-45,-14,-45
-45,-14,-46
-44,-13,-46
-45,-13,-46
-46,-11,-44
-48,-10,-43
-48,-10,-43
-48,-10,-42
-48,-9,-42
-47,-10,-45
-44,-13,-47
-45,-13,-48
-48,-13,-50
-49,-12,-51
-45,-11,-50
-45,-11,-47
-42,-10,-45
-47,-11,-46
-45,-7,-43
-44,-7,-42
-42,-4,-42
-43,-4,-42
-41,-4,-40
-44,-8,-43
-45,-11,-46
-42,-13,-49
-43,-15,-53
-41,-15,-53
-43,-14,-49
-43,-13,-47
-43,-11,-45
-44,-11,-46
-43,-11,-46
-42,-11,-46
-44,-11,-47
-41,-13,-47
-42,-13,-49
-42,-13,-48
-42,-13,-48
-42,-13,-48
-43,-13,-48
-42,-13,-48
-42,-12,-47
-43,-10,-45
-43,-10,-46
-42,-11,-47
-42,-13,-48
-42,-14,-48
-41,-15,-49
-41,-15,-50
-40,-15,-51
-42,-13,-48
-42,-12,-46
-42,-12,-46
-42,-12,-47
-42,-13,-49
-42,-13,-48
-42,-13,-48
-42,-13,-48
-42,-13,-47
-42,-12,-48
-42,-13,-48
-42,-13,-47
-42,-13,-48
-42,-12,-48
-43,-13,-49
-42,-13,-48
-43,-13,-48
-42,-12,-48
-43,-12,-48
-42,-11,-47
-42,-11,-46
-43,-11,-46
-42,-12,-48
-42,-13,-49
-41,-13,-49
-42,-14,-48
-43,-14,-48
-41,-13,-48
-42,-13,-48
-42,-12,-48
-42,-12,-47
-41,-12,-48
-42,-13,-48
-42,-12,-48
-42,-12,-48
-43,-13,-48
-42,-13,-48
-42,-13,-49
-41,-13,-48
-42,-13,-48
-42,-13,-48
-41,-13,-48
-42,-13,-48
-42,-12,-48
-43,-12,-48
-41,-12,-47
-42,-13,-48
-42,-13,-49
-42,-12,-49
-42,-11,-49
-42,-11,-47
-42,-9,-48
-42,-5,-44
-45,-3,-40
-50,-2,-41
-53,1,-42
-53,-4,-41
-57,-3,-48
-58,-7,-47
-59,-10,-41
-66,-15,-41
-68,-20,-40
-63,-22,-39
-53,-24,-45
-46,-25,-48
-35,-17,-46
-25,-10,-41
-27,-8,-36
-38,-10,-27
-45,-10,-27
-61,-11,-32
-63,-17,-30
-66,-17,-31
-59,-19,-26
-63,-20,-26
-71,-21,-24
-69,-24,-23
-67,-23,-23
-61,-20,-19
-56,-18,-15
-55,-18,-16
-49,-19,-20
-44,-20,-16
-47,-17,-6
-49,-14,-10
-51,-17,-4
-54,-21,3
-59,-22,3
-69,-19,-3
-70,-18,-4
-63,-18,-2
-59,-17,-3
-52,-17,-8
-51,-17,-21
-60,-19,-16
-63,-20,-13
-82,-23,-21
-88,-23,-22
-61,-29,-17
-66,-27,-22
-65,-26,-21
-60,-25,-18
-58,-25,-20
-59,-25,-12
-56,-27,-11
-61,-27,-10
-62,-28,-2
-64,-26,-1
-71,-26,7
-64,-34,12
-65,-36,16
-71,-34,21
-62,-34,19
-57,-37,21
-50,-38,25
-36,-34,36
-42,-29,34
-41,-28,26
-34,-24,23
-13,-17,37
-6,-14,41
-1,-9,37
17,-5,39
23,-1,43
29,-2,47
29,-3,42
30,-3,41
38,2,40
40,4,38
36,9,34
39,9,35
49,15,34
57,22,32
66,20,33
64,29,37
81,25,44
87,18,47
83,8,60
73,5,56
61,11,45
59,12,47
54,15,39
54,17,41
49,15,38
43,13,39
44,9,45
43,8,47
38,4,46
34,3,46
29,1,47
24,-4,48
20,-7,47
17,-10,49
15,-10,51
15,-13,53
19,-14,54
25,-12,55
31,-9,59
33,-10,59
28,-10,56
27,-12,56
26,-11,56
29,-13,59
29,-14,58
27,-12,55
25,-11,56
25,-12,56
26,-14,58
28,-12,58
29,-12,57
30,-11,57
35,-11,59
38,-8,64
35,-9,58
32,-8,58
28,-10,59
24,-12,57
13,-15,53
6,-18,52
5,-19,53
-1,-22,55
-2,-25,54
-3,-27,58
-3,-29,61
1,-31,63
11,-25,63
9,-23,59
11,-21,57
15,-18,58
16,-18,59
18,-16,60
17,-16,60
13,-20,58
11,-20,58
9,-22,58
9,-22,60
9,-22,60
6,-22,60
9,-21,58
4,-22,58
6,-23,58
4,-24,57
2,-25,59
4,-26,58
4,-25,59
1,-27,56
1,-26,59
0,-26,60
2,-24,58
-2,-27,55
-4,-26,58
-7,-27,58
-6,-25,60
-7,-21,54
-3,-17,52
-4,-14,47
-5,-13,39
-21,-14,30
-29,-19,20
-30,-20,16
-31,-22,3
-61,-17,-37
-84,-12,-41
-89,-33,-18
-88,-30,-18
-91,-27,-23
-82,-26,-18
-85,-25,-13
-83,-13,-41
-66,-10,-46
-60,-11,-37
-55,-12,-37
-51,-10,-41
-47,-13,-42
-37,-10,-52
-35,-11,-57
-37,-16,-52
-34,-13,-54
-30,-13,-60
-35,-12,-53
-32,-10,-55
-37,-11,-58
-41,-11,-59
-44,-6,-50
-57,2,-47
-60,1,-46
-60,-10,-44
-57,-24,-52
-47,-26,-61
-33,-28,-60
-35,-29,-58
-24,-26,-45
-25,-21,-38
-34,-10,-33
-52,-8,-27
-49,-11,-29
-58,-12,-31
-64,-12,-33
-60,-12,-30
-55,-13,-28
-56,-15,-28
-53,-16,-30
-56,-15,-30
-57,-13,-28
-51,-11,-28
-50,-10,-29
-51,-13,-29
-55,-13,-29
-60,-13,-31
-63,-13,-32
-63,-13,-31
-62,-12,-27
-63,-9,-25
-58,-8,-26
-59,-11,-27
-60,-13,-29
-59,-15,-30
-59,-15,-30
-57,-14,-31
-55,-13,-27
-56,-14,-25
-56,-13,-24
-59,-15,-24
-59,-16,-23
-61,-15,-24
-62,-15,-23
-62,-15,-21
-56,-13,-24
-59,-15,-24
-59,-16,-23
-61,-15,-24
-62,-15,-23
-62,-15,-21
-57,-14,-18
-60,-15,-19
-62,-15,-16
-63,-15,-12
-66,-15,-10
-69,-16,-8
-73,-17,-6
-74,-19,-3
-76,-27,-3
-79,-28,0
-74,-29,7
-75,-28,6
-73,-27,7
-67,-27,13
-62,-27,21
-54,-27,19
-56,-27,12
-40,-25,22
-21,-29,36
-24,-28,38
-40,-17,39
-28,-19,45
-10,-19,48
-14,-26,46
-10,-27,45
-3,-23,45
14,-15,48
19,-12,45
32,-2,41
38,3,41
50,8,46
65,9,53
76,9,55
63,5,51
47,0,48
40,-3,56
30,-10,54
22,-12,49
15,-13,49
12,-13,51
5,-18,52
-4,-21,55
-4,-20,56
-13,-23,54
-17,-24,51
-14,-28,49
-25,-28,49
-25,-28,52
-24,-31,56
-23,-31,56
-28,-32,59
-27,-28,56
-29,-32,55
-30,-28,57
-31,-28,56
-29,-29,54
-30,-27,53
-28,-28,52
-26,-26,54
-27,-26,54
-28,-26,54
-25,-26,54
-25,-26,54
-24,-27,53
-22,-28,55
-21,-27,57
-22,-26,55
-23,-28,53
-22,-27,54
-18,-26,56
-19,-26,56
-15,-25,53
-13,-23,54
-7,-21,55
-9,-19,55
-12,-21,51
-13,-23,53
-18,-27,55
-18,-25,54
-24,-27,51
-23,-26,53
-28,-27,56
-30,-30,54
-32,-32,56
-33,-31,59
-29,-30,57
-30,-28,56
-25,-28,60
-22,-26,58
-23,-25,53
-21,-25,51
-13,-21,53
-6,-18,52
-5,-16,51
-1,-10,62
-24,-42,38
-7,-9,62
-14,-20,56
-20,-17,55
-17,-18,53
-25,-20,52
-28,-26,50
-36,-28,45
-31,-27,46
-31,-16,45
-31,-19,47
-39,-22,38
-59,-29,39
-82,-26,39
-32,-41,60
-75,-22,40
-53,-14,49
-45,-15,47
-47,-12,45
-44,-15,43
-35,-19,42
-29,-23,42
-35,-22,43
-33,-25,45
-36,-24,46
-36,-23,49
-34,-23,51
-29,-23,54
-30,-22,55
-31,-23,56
-10,-26,84
-28,-25,65
-63,-18,54
-48,-25,58
-39,-26,57
-24,-37,61
-51,-28,45
-32,-28,51
-24,-26,51
-22,-24,48
-18,-22,50
-13,-22,51
-6,-19,51
-5,-18,49
4,-15,54
9,-16,54
10,-13,53
21,-13,54
24,-9,52
28,-11,52
32,-10,54
33,-9,54
40,-7,55
30,-13,53
28,-15,55
22,-18,56
24,-18,60
17,-20,59
15,-20,59
20,-20,58
24,-16,58
23,-15,57
23,-12,56
26,-12,55
28,-12,56
26,-12,57
23,-12,55
26,-12,56
24,-15,58
23,-15,57
19,-16,57
20,-14,58
18,-16,59
12,-17,58
13,-16,59
7,-18,57
2,-18,57
-1,-19,55
0,-20,60
0,-21,60
-8,-21,56
-10,-22,55
-9,-20,57
-10,-19,56
-12,-20,57
-16,-21,55
-22,-20,52
-24,-21,52
-22,-20,55
-25,-20,51
-28,-19,52
-30,-21,50
-31,-21,52
-34,-19,51
-35,-20,48
-39,-22,47
-37,-20,46
-43,-19,49
-45,-22,47
-46,-23,46
-50,-22,45
-51,-21,44
-50,-21,42
-51,-20,43
-50,-21,42
-51,-21,41
-52,-21,39
-50,-21,38
-50,-19,37
-49,-19,37
-48,-19,37
-49,-19,34
-50,-18,34
-50,-20,35
-53,-19,35
-52,-20,35
-53,-19,35
-53,-20,36
-53,-19,34
-51,-19,36
-51,-18,36
-50,-18,33
-52,-17,34
-51,-17,36
-52,-17,37
-53,-17,38
-52,-17,37
-51,-17,38
-50,-16,38
-48,-16,36
-48,-15,36
-47,-15,37
-47,-15,37
-46,-15,37
-47,-15,38
-47,-15,39
-47,-15,39
-49,-15,39
-48,-15,40
-51,-14,39
-48,-15,40
-48,-15,38
-49,-15,39
-48,-15,39
-49,-15,39
-48,-15,39
-48,-15,40
-48,-15,39
-49,-15,39
-49,-15,39
-48,-15,39
-49,-15,40
-48,-15,39
-48,-15,38
-49,-15,39
-48,-15,39
-48,-15,40
-48,-15,40
-48,-15,39
-48,-15,39
-48,-14,39
-47,-14,39
-48,-14,39
-48,-14,40
-48,-15,40
-49,-14,39
-48,-15,40
-48,-15,40
-48,-15,40
-48,-14,40
-48,-14,39
-48,-14,39
-48,-14,40
-48,-14,39
-48,-14,40
-48,-15,40
-49,-14,40
-48,-15,39
-48,-15,39
-48,-15,40
-48,-15,40
-48,-15,39
-48,-15,39
-48,-15,39
-48,-15,39
-48,-15,39
-49,-15,39
-48,-15,40
-48,-15,39
-49,-15,40
-48,-15,39
-49,-15,39
-48,-15,39
-48,-15,39
-48,-15,39
-48,-15,39
-48,-15,39
-48,-15,39
-48,-15,40
-48,-15,39
-49,-15,39
-48,-15,39
-49,-15,39
-48,-15,39
-48,-15,39
-48,-15,39
-48,-15,39
-48,-15,39
-48,-15,39
-48,-15,39
-48,-15,39
-48,-15,39
-49,-15,39
-48,-15,39
-48,-15,39
-48,-15,39
-49,-15,39
-49,-15,39
-49,-15,39
-49,-15,39
-48,-15,39
-48,-15,39
-48,-15,39
-48,-15,39
-49,-15,39
-48,-15,39
-49,-15,39
-48,-15,39
-48,-15,39
-49,-15,39
-48,-15,39
-49,-15,39
-48,-15,39
-48,-15,39
-49,-15,39
-49,-15,39
-48,-15,39
-48,-15,39
-49,-15,39
-48,-15,39
-48,-15,39
-48,-15,39
-48,-15,39
-48,-15,39
-49,-15,39
-48,-15,39
-49,-15,39
-48,-15,39
-48,-15,39
-49,-15,39
-48,-15,39
-49,-14,40
-48,-15,39
-48,-15,39
-48,-14,39
-48,-14,39
-49,-14,39
-48,-15,39
-44,-13,38
-46,-12,32
-41,-12,29
-48,-13,30
-48,-13,31
-54,-14,31
-55,-14,28
-58,-14,31
-58,-14,29
-61,-14,29
-62,-15,28
-64,-15,29
-64,-15,28
-64,-15,28
-62,-14,26
-61,-13,26
-60,-13,24
-58,-13,23
-56,-13,23
-56,-13,23
-57,-13,23
-56,-12,23
-56,-12,23
-57,-12,23
-56,-12,21
-55,-12,20
-51,-10,18
-50,-10,17
-54,-7,-11
-53,-7,-5
-53,-8,-2
-61,-11,-2
-65,-8,-3
-72,-7,-13
-76,-6,-19
-74,-6,-22
-69,-3,-26
-70,-2,-28
-67,0,-26
-63,1,-29
-63,2,-31
-59,3,-35
-58,3,-37
-56,4,-37
-56,4,-32
-54,5,-33
-52,6,-36
-53,5,-38
-52,5,-38
-51,5,-42
-52,5,-40
-51,4,-42
-51,4,-43
-50,4,-41
-50,4,-39
-52,4,-38
-52,4,-38
-53,3,-36
-54,3,-35
-54,4,-36
-54,3,-36
-55,3,-35
-55,4,-35
-55,3,-35
-55,4,-34
-54,3,-34
-54,3,-34
-55,4,-34
-54,3,-35
-55,3,-35
-55,3,-35
-55,3,-34
-55,3,-33
-54,3,-34
-54,3,-35
-53,3,-37
-53,3,-38
-51,3,-38
-52,3,-38
-53,4,-39
-54,4,-37
-54,4,-36
-55,4,-36
-56,4,-34
-56,4,-34
-52,5,-36
-52,5,-37
-53,4,-38
-54,4,-38
-52,4,-39
-53,4,-38
-54,4,-37
-54,3,-37
-53,3,-36
-54,3,-36
-52,3,-37
-53,3,-36
-54,3,-35
-55,2,-33
-55,3,-32
-59,3,-31
-58,2,-31
-59,3,-30
-61,2,-29
-59,2,-29
-59,2,-28
-59,2,-28
-59,2,-26
-58,0,-23
-61,0,-20
-63,-1,-16
-65,-1,-15
-71,-2,-15
-73,-3,-13
-73,-2,-10
-75,-3,-2
-73,-4,1
-73,-7,5
-72,-8,14
-69,-7,15
-67,-9,19
-64,-6,23
-60,-7,23
-53,-7,28
-49,-7,32
-42,-6,34
-45,-8,37
-39,-6,43
-36,-6,43
-35,-7,44
-37,-9,46
-34,-13,49
-34,-13,46
-39,-14,47
-33,-14,49
-37,-12,50
-34,-10,53
-35,-9,51
-28,-10,49
-29,-9,50
-30,-10,50
-21,-9,47
-21,-9,45
-30,-7,50
-32,-10,52
-27,-13,50
-36,-13,46
-33,-13,46
-33,-13,45
-36,-14,45
-44,-14,38
-48,-16,37
-46,-14,39
-55,-13,34
-55,-15,34
-56,-15,33
-61,-15,32
-64,-14,31
-65,-15,29
-67,-13,30
-66,-14,32
-64,-13,30
-64,-13,30
-59,-12,27
-57,-11,26
-57,-12,27
-57,-12,25
-56,-12,25
-55,-12,25
-55,-12,26
-55,-12,26
-57,-12,26
-57,-12,27
-57,-12,26
-57,-13,26
-57,-13,26
-57,-13,24
-57,-13,24
-57,-12,23
-58,-12,22
-58,-12,23
-57,-12,23
-59,-13,21
-61,-12,23
-62,-12,22
-62,-13,22
-61,-12,22
-60,-12,22
-60,-12,22
-59,-12,21
-59,-12,21
-59,-12,21
-60,-12,21
-60,-12,21
-60,-12,21
-60,-12,21
-59,-12,21
-60,-12,21
-60,-12,21
-60,-12,21
-60,-13,21
-59,-12,21
-60,-11,20
-60,-11,21
-58,-12,20
-60,-12,21
-59,-12,21
-59,-12,21
-60,-12,21
-59,-12,21
-60,-12,20
-59,-12,20
-59,-11,20
-58,-10,18
-55,-11,11
-56,-10,10
-55,-9,10
-55,-9,8
-57,-9,8
-60,-7,4
-62,-7,-3
-65,-8,-4
-64,-6,-9
-67,-6,-10
-67,-5,-13
-67,-3,-16
-67,-3,-18
-67,-2,-20
-68,-1,-21
-69,-1,-21
-68,0,-21
-70,1,-21
-65,2,-21
-64,2,-20
-62,3,-25
-57,3,-29
-57,2,-31
-56,1,-33
-55,1,-34
-56,2,-34
-57,2,-32
-55,2,-32
-54,2,-32
-53,2,-34
-53,2,-36
-51,2,-39
-50,3,-40
-51,3,-42
-50,4,-43
-48,4,-44
-47,5,-47
-48,4,-45
-47,4,-43
-47,6,-45
-50,5,-45
-48,4,-47
-53,3,-50
-54,1,-44
-54,3,-45
-49,3,-46
-45,3,-48
-46,2,-46
-44,1,-39
-43,0,-36
-42,0,-36
-45,1,-41
-44,0,-42
-47,-1,-46
-50,0,-47
-50,1,-45
-48,3,-40
-51,3,-40
-51,3,-39
-52,1,-38
-55,1,-41
-54,1,-41
-56,-1,-40
-57,-1,-40
-58,-1,-40
-59,0,-38
-59,0,-37
-61,1,-35
-60,0,-33
-61,-1,-30
-63,0,-29
-64,1,-26
-67,1,-20
-68,0,-15
-66,1,-9
-66,0,-6
-74,7,1
-66,11,-5
-68,11,-8
-63,9,2
-68,7,5
-64,7,5
-59,2,13
-58,-4,18
-59,-13,13
-63,-26,35
-73,-46,49
-75,-6,45
-72,-10,36
-38,-14,39
-25,-18,42
-23,-19,41
-17,-28,43
-15,-31,43
-10,-30,39
-5,-39,36
-3,-35,31
3,-41,18
7,-45,16
16,-68,18
11,-64,24
8,-57,22
6,-58,26
2,-58,27
4,-63,27
-2,-61,19
-1,-63,17
3,-62,16
-3,-65,12
-15,-62,10
0,-59,18
1,-61,14
15,-61,17
18,-59,24
13,-60,24
4,-60,21
3,-61,22
-2,-60,22
-5,-56,15
-1,-69,13
10,-53,21
-1,-58,10
4,-62,24
7,-56,29
8,-61,26
9,-56,28
8,-58,27
0,-55,27
1,-61,24
2,-59,23
-6,-59,18
-6,-61,16
4,-63,19
11,-50,33
13,-57,31
-9,-63,20
4,-53,30
6,-52,33
12,-52,33
2,-61,32
3,-53,30
1,-55,25
7,-54,34
5,-58,32
5,-54,42
13,-53,34
13,-53,36
14,-55,37
8,-51,33
11,-52,34
12,-53,35
10,-52,35
9,-51,34
9,-53,36
8,-53,36
9,-53,37
10,-52,36
11,-52,35
11,-52,34
11,-52,34
11,-54,33
12,-53,34
11,-53,33
12,-53,34
11,-53,33
11,-54,33
11,-53,34
11,-53,33
11,-53,34
11,-53,33
11,-53,33
12,-54,33
11,-54,33
12,-53,33
13,-54,33
13,-53,34
12,-53,33
