HM_Mean,HM_Std,HM_Median,EM_Mean,EM_Std,EM_Median,HM_Pitch_Mean,HM_Pitch_Std,HM_Pitch_Median,HM_Yaw_Mean,HM_Yaw_Std,HM_Yaw_Median,EM_Pitch_Mean,EM_Pitch_Std,EM_Pitch_Median,EM_Yaw_Mean,EM_Yaw_Std,EM_Yaw_Median,Fixation_Num,Fixation_Duration_Mean,Fixation_Duration_Std,Fixation_Duration_Max,Fixation_Duration_Min,Saccade_Duration_Mean,Saccade_Duration_Std,Saccade_Duration_Max,Saccade_Duration_Min,Saccade_Amplitude_Mean,Saccade_Amplitude_Std,Saccade_Amplitude_Max,Saccade_Amplitude_Min,PD_Mean,PD_Std,PD_Median,PDemo_Mean,PDemo_Std,PDemo_Median,EDA_Mean,EDA_Std,EDA_Median,BVP_Mean,BVP_Std,BVP_Median,HR_Mean,HR_Std,HR_Median,SKT_Mean,SKT_Std,SKT_Median,Valence_Mean,Valence_Median,Arousal_Mean,Arousal_Median,SAM_Valence,SAM_Arousal,V_SAM,A_SAM,V_binary,A_binary,V_3class,A_3class,V_A_5class,VID
0.27827708105879073,0.12195395495664639,0.2318782023923273,0.304270507894802,0.14245672646095017,0.25426449396747863,0.02398196212769683,0.01554667064026849,0.02722498075680925,0.5525855371255147,0.21447685479102863,0.5755143998782544,0.8648330906783106,0.05234951923512652,0.8699035080334726,0.20373767376921625,0.11982000860406668,0.2139669595093444,4,59.25,19.356846334049358,82,35,5.5,0.5,6,5,316.3875973151306,4.361861593515783,320.7494589086464,312.0257357216148,-16.11306235411804,1.316431470904435,-16.076449483161056,18.04662954318106,16.48586987338663,12.518098199399798,1.9713496165388464,1.8440506258494243,1.4532489163054354,21.031649216405466,18.52314921621767,15.832849783261063,5.009368622874292,0.07887352460972122,5.0,4.822692897632544,0.4143845282509869,5.0,5.009368622874292,5.0,4.822692897632544,5.0,8.0,8.0,1,1,1,0,1,1,1,1.0
0.17950716479248388,0.1720768123316569,0.0854850794365391,0.1552439631485654,0.1819949517399388,0.09391341753388749,0.03599295492421652,0.03172001658429821,0.014582958763497949,0.6217415629092041,0.1937902307480963,0.6936377105221975,0.9745417337255484,0.01319681217997871,0.9780641502033345,0.35396606759005167,0.14986659139865913,0.4239709456211602,10,21.6,10.00199980003999,42,12,3.4,0.9165151389911679,4,2,266.1463996393408,103.52411784917204,394.0046051708957,26.81027592616071,-13.0513171057019,3.2645444157166557,-13.425776592197394,0.5572637545848665,26.944054823329278,-9.741546515505165,0.8131535511837278,4.274359350355257,0.121646382127377,-7.124136712237409,31.460433260976213,-8.34774124708236,8.165411970656885,0.3960028682051569,8.269370623541182,5.785061687229076,0.6290679439990583,5.747592364121374,8.165411970656885,8.269370623541182,5.785061687229076,5.747592364121374,8.0,8.0,1,1,1,1,2,1,0,1.0
0.04070801798295004,0.0318594606484998,0.03529610618222365,0.052613334305182786,0.05636698625019928,0.04371509146505615,0.05528384823729869,0.016673049011392695,0.05622546820133615,0.595254096238976,0.1751772850042257,0.6281761666055217,0.9905457653870934,0.0019789138181324577,0.9901269393512,0.3077805589008766,0.1566491693584455,0.36908310081235984,11,17.0,6.494753127087909,28,9,5.7272727272727275,4.136113878573573,13,1,280.1080000718511,103.07349481971326,466.07481523399986,43.5401537964803,-16.861578526175393,2.402679011020205,-16.888695065021672,-45.20039329776592,20.977087036781942,-42.62375075025008,6.087872290763589,3.6306606180223633,6.565731910636874,-40.29166372124042,25.70140960364382,-35.25391613871281,8.63095298432811,0.1731844011475064,8.633797765921974,7.156527842614205,0.33625538293483503,6.977,8.63095298432811,8.633797765921974,7.156527842614205,6.977,8.0,8.0,1,1,1,1,2,2,0,1.0
0.45895032795785495,0.14566064925044855,0.4627434760460623,0.48390152675360104,0.1878206134839154,0.4614314504760212,0.044372885611951116,0.012379055870738969,0.040603283480615246,0.5994249756043009,0.1701934896628119,0.6329673508465927,0.9947910437292492,0.005863937787860019,0.9971599253268667,0.22941824896413135,0.1634529178219948,0.22983881979773224,10,17.0,9.055385138137417,40,8,8.666666666666666,5.395471352079548,17,2,300.72635489374807,85.48412347885754,438.9210951050929,208.8835313713326,-14.280932977659218,4.373412139234862,-13.435912304101365,41.5319971657219,17.61738912997609,41.81841163721256,2.005528509503162,4.216950948394376,2.416315771923995,43.36179976658885,22.703625322451778,40.949280760253416,8.923436812270756,0.062436241719404914,8.936360786928976,7.813848282760921,0.011786769474362708,7.818857619206402,8.923436812270756,8.936360786928976,7.813848282760921,7.818857619206402,8.0,8.0,1,1,1,1,2,2,0,1.0
0.25605676422389717,0.17453871623769507,0.3237622077840949,0.2442321638092934,0.18352170916487096,0.32352260832937635,0.07508060416939487,0.04285613808761363,0.09443720101660386,0.6052262410770022,0.18586369412409176,0.635716412704219,0.9243189295416339,0.03749924361846998,0.9281311918265185,0.2502774470875377,0.1783041251469127,0.2533064188551526,9,21.0,13.097921802925667,47,10,6.777777777777778,6.860155129081392,26,3,330.81006075847785,93.85087543409036,551.1854825043268,237.6768759112153,-20.035022174058017,11.304656791556129,-18.91209453151052,11.053719073024345,26.90099131519839,21.824084861620562,8.12726525508503,10.344669150292725,4.911205068356118,7.609855451817277,30.28607474193847,22.296215238412813,8.829449983327775,0.07614070743572339,8.810683894631545,7.6846727242414135,0.020198165567061326,7.676422307435812,8.829449983327775,8.810683894631545,7.6846727242414135,7.676422307435812,8.0,8.0,1,1,1,1,2,2,0,1.0
0.23916782621476806,0.15409024003894758,0.17568272520104666,0.20145934920934483,0.12504141978235098,0.14816586991906244,0.47843693710507224,0.16629269135134506,0.5315866848288813,0.586528344190511,0.15841464292161483,0.6186196725243587,0.7880337879907944,0.03372340530754034,0.783517872200935,0.42838481562331526,0.012534713751525234,0.4298269138499234,7,31.142857142857142,13.130428906372636,54,16,5.6,4.029888335921977,13,1,170.66429996133508,55.07565765239915,236.7574372015171,71.6266055611837,-18.209366288762926,9.92433214566653,-12.835955151717245,12.232859453151057,20.116240955003214,5.485681560520186,5.3592962654218095,11.464326972362333,-0.6988224408135919,6.502417305768595,16.711871254542682,1.0942607535845619,8.905302267422474,0.06748822082107159,8.912222240746917,7.737950483494497,0.43007343956705457,7.576306435478493,8.905302267422474,8.912222240746917,7.737950483494497,7.576306435478493,8.0,8.0,1,1,1,1,2,2,0,1.0
0.2742065810397415,0.09351335687796686,0.25948696533635573,0.2763320462056148,0.08848616608767773,0.2727406316933503,0.5661946369728729,0.020780286808090943,0.5629942856364663,0.6080318949374944,0.21878032284249738,0.6523851860205871,0.7197388470448691,0.010342966202495087,0.7200246814758663,0.6465433047869966,0.2010325460003266,0.635073926336972,9,22.555555555555557,14.840718095168,58,10,6.142857142857143,4.703450752329808,16,2,256.63058188695646,89.8857075592306,419.05031248708264,100.93873839951199,-13.493468822940983,4.181046796291763,-12.41466188729576,18.5760188396132,11.974263882890334,16.6917197399133,1.9074638212737656,6.360768873596464,2.47456252084033,18.26161537179059,11.113375208944177,18.467104201400474,8.87715188396132,0.10299647293420304,8.883,7.888421307102368,0.11625627249430132,7.835222740913638,8.87715188396132,8.883,7.888421307102368,7.835222740913638,8.0,8.0,1,1,1,1,2,2,0,1.0
0.6870500001057477,0.30500819541454294,0.7880868953807098,0.7288382236589881,0.28856759807720234,0.8632352558360601,0.6522216240326684,0.0312879478139407,0.6543300791008764,0.6067308597558447,0.21220033563479948,0.6576205759574658,0.6556668293845385,0.025197799665538267,0.6558180418390521,0.7279038893657349,0.2183944760915101,0.8041947623788941,12,14.25,4.322904116447646,23,8,7.090909090909091,5.64808166073057,18,2,1018.6320317752107,2359.826605199108,8473.63480177573,80.04142559081905,-10.399793931310436,4.6644308779377,-11.291838779593204,82.98846432144043,52.682935520487526,82.02862954318103,0.4041587195731831,5.306945300967805,1.8087320773591156,76.44268672890982,78.26539697745143,91.61640746915633,8.98936562187396,0.005122958118428979,8.99,7.784367955985328,0.0034274141727856262,7.785,8.98936562187396,8.99,7.784367955985328,7.785,8.0,8.0,1,1,1,1,2,2,0,1.0
0.615870649154125,0.2900555790726429,0.7061472868284178,0.5782123025731004,0.3047279920949337,0.6174229697235605,0.6905322153260206,0.025061502930491347,0.7009925421523404,0.5670711838713147,0.18180353936186816,0.597720353995735,0.5453029664612732,0.03805483687391236,0.5471438293253377,0.7286252970243016,0.21801502129797018,0.805284650958844,10,17.0,9.757048734120374,38,10,8.444444444444445,12.284688854298004,43,2,1819.566243333452,2993.7848066097313,8540.500180706164,106.90484560158731,-33.11637795931977,12.883574501300036,-31.964894464821594,86.10806035345131,64.3482536184465,84.26049166388856,26.71206452150717,11.505580056366558,26.960645715238353,74.39084744914975,72.76371464396126,52.36235511837278,8.995431977325774,0.0019056075712356121,8.995150550183393,7.78147082360787,0.0038212124831347553,7.78134594864955,8.995431977325774,8.995150550183393,7.78147082360787,7.78134594864955,8.0,8.0,1,1,1,1,2,2,0,1.0
0.24570856040225167,0.028617889083407715,0.24719394762639196,0.20359013855546693,0.0614053165497462,0.1899325387633618,0.8033678620477781,0.059744885543784494,0.8317740943744978,0.6090694001261369,0.17006611847280612,0.6056522112544273,0.3762247924955592,0.05587984358078695,0.3742488680994278,0.6363764342114533,0.2229910934209737,0.560589954074705,9,21.0,8.232726023485645,30,8,5.0,3.0912061651652345,11,2,181.55422213685446,54.573837281913654,294.125193206102,103.23796228113547,-25.436609703234424,3.6188092467518995,-25.47747665888628,12.173386795598516,4.754593367195882,13.019855285095037,18.872846115371807,6.747800920273697,18.800604034678205,5.112808769589818,8.975076276638484,2.229265255084975,8.556337279093032,0.5088607994458948,8.997249083027675,6.948299099699901,0.7397427199474391,7.459,8.556337279093032,8.997249083027675,6.948299099699901,7.459,8.0,8.0,1,1,1,1,2,2,0,1.0
0.7137163496530702,0.15153806782432788,0.7851969276832579,0.7567499721662627,0.13353557927364515,0.778297151399751,0.9461298720865875,0.047322804840993486,0.960349646354304,0.6022265679969335,0.23204290114169107,0.646323368297363,0.21814163947290977,0.03746811860851888,0.21771149856722471,0.812210288757886,0.18988122371482619,0.9183940235644141,8,25.25,21.798795838302627,78,8,6.571428571428571,4.593695768803865,14,1,196.784617476051,92.87122551473671,390.78459720471875,63.93811082831009,-24.728136212070698,5.917544507674184,-24.634726408802862,76.31442547515833,21.68085630254293,85.07636612204067,14.499356285428473,6.139574889097647,14.610166888962981,78.88880876958983,18.845100555967726,81.35221707235699,8.397663887962654,0.12080421467810468,8.438093197732575,6.544767255751916,0.15376513303141764,6.5915623541180395,8.397663887962654,8.438093197732575,6.544767255751916,6.5915623541180395,8.0,8.0,1,1,1,1,2,2,0,1.0
0.7361112468231099,0.09126593272739392,0.7288717492143919,0.7612716258868807,0.11204182256707251,0.7141645450061992,0.9448645425264717,0.021070700619417904,0.952514686093076,0.6080882032645668,0.230639603978621,0.6584019996121144,0.07898141410558919,0.04560939898773725,0.08008452276757991,0.6541947277852717,0.21299529209181553,0.6068501144377108,10,22.0,10.564090116995406,42,9,3.375,1.996089927833914,8,1,194.02136506991047,82.05391866434044,352.3633426293058,88.28816703153858,-14.28652934311437,1.840952113076386,-14.58454601533844,76.13534711570522,14.155150552901533,73.87498632877626,4.079062854284758,1.8838418526440022,3.8682534178059305,79.11524424808266,19.124066936758986,70.547,8.597670556852284,0.013836210173466656,8.602974991663888,6.749378126042013,0.009476109166113652,6.753998832944314,8.597670556852284,8.602974991663888,6.749378126042013,6.753998832944314,8.0,8.0,1,1,1,1,2,2,0,1.0
0.4134565248485829,0.06187316269616712,0.4265874809583991,0.3886224317295063,0.0655089010710565,0.3773520540053429,0.7962988647561762,0.1332447249226847,0.7646358245211512,0.6328009146990057,0.1649238600796665,0.6870586394749447,0.006888664446748581,0.0059549182819414025,0.00645435639660835,0.1812198075251897,0.09704856092798424,0.2083719723143433,11,19.90909090909091,8.295174341469377,42,9,2.7777777777777777,0.9162456945817024,4,1,232.96142343958823,95.20777009910685,359.04612598653824,73.20443213866042,-14.664499538512837,3.596152906441909,-13.257250583527844,2.578843805268423,6.9001872376240305,4.132815771923975,3.249098191397133,6.960844140192608,-0.501522007335781,5.414185240413471,7.486144660173755,4.245398466155385,5.0,0.0,5.0,5.0,0.0,5.0,5.0,5.0,5.0,5.0,7.0,3.0,1,0,1,1,1,1,4,2.0
0.30772784249742385,0.11517494185232185,0.3838330793062419,0.2812672871404353,0.14685505240651275,0.3447405595696751,0.6535001859397579,0.04890850539751728,0.6489834843893318,0.6553858734946341,0.25631765456005995,0.7360611619471222,0.08485772023136812,0.04465200579356432,0.079833502631888,0.2713412592846553,0.08228123128666251,0.22845524355167035,11,16.0,5.9237580209617855,29,8,7.0,5.5677643628300215,15,2,250.81556636147064,49.91233036749269,306.6031456863096,172.97193204675125,-15.244452776258747,13.94018856233913,-10.455713071023673,-12.655996574858282,17.870042978723106,-1.4991380460153394,3.9817419846615474,23.403611131988775,-3.3825820273424503,-12.87975476358786,21.829010000761226,-0.8334651550516884,5.27359465555185,0.5016978670298771,5.0,3.3351652297432475,0.5412140264007085,3.1341117039013007,5.27359465555185,5.0,3.3351652297432475,3.1341117039013007,7.0,3.0,1,0,1,0,1,1,1,2.0
0.5003669466780758,0.20478917754265324,0.4733735657726187,0.5512868317042391,0.22027632818461693,0.49503371368820226,0.5085999338909766,0.04768004012595388,0.4916414685002574,0.6438150515029185,0.2824193373694316,0.7272954230287576,0.2461459201600046,0.04626785931385739,0.24552755731544762,0.39298331216105076,0.1994641718343448,0.2567183474741974,15,12.6,3.0066592756745814,20,8,4.3076923076923075,3.3828666811224655,15,2,238.10222598431443,90.76928645290752,447.1052445400998,103.2428934740503,-26.532540773591204,12.844893434956722,-26.40433711237079,10.709963105034994,27.06598629595055,10.263138879626528,8.894568388129382,17.963123098533533,5.428483327776057,24.517271566522158,27.537094449700806,18.056050350116692,5.908573031010336,0.31373114181478934,5.842184894964988,6.275053628542847,0.5051763269245516,6.29604234744915,5.908573031010336,5.842184894964988,6.275053628542847,6.29604234744915,7.0,3.0,1,0,1,1,1,2,0,2.0
0.6531145509368395,0.3106768063756513,0.692708967182174,0.5743781121286261,0.3577683794106693,0.5217845108721368,0.3890312544534996,0.0341695985838571,0.3845671771827199,0.6387680886023372,0.2087565941994489,0.7015156605808482,0.41506996602469765,0.038471170123757586,0.4209320186869547,0.44938161225699846,0.08901830389194658,0.49708060387612646,14,12.428571428571429,3.9227229193559943,21,8,6.083333333333333,3.94669341207154,15,2,275.9257558188597,109.73607477555007,500.7471133230464,123.35065104059058,-17.72869259619873,9.839473463694155,-11.746057685895291,35.7840174271424,43.98707115308866,33.57588446148715,7.6230782674224775,12.334865465421291,3.554437479159718,35.40862684494834,53.18971009953207,19.19397049016322,5.401847423807936,0.3149708231663973,5.619416638879626,6.185520896298766,0.06649706835616427,6.221258086028676,5.401847423807936,5.619416638879626,6.185520896298766,6.221258086028676,7.0,3.0,1,0,1,1,1,2,0,2.0
0.5301335983334008,0.1422931444016265,0.5868560276528079,0.5499927192541427,0.1799968999826721,0.5752937078277811,0.28838397836134133,0.03222536699319889,0.2862166011269288,0.6241938622295581,0.18763940413418154,0.6674376359123164,0.539358145799843,0.05121177628549623,0.5292059765569603,0.3890392908434811,0.11753194431416453,0.4311502423648089,11,14.454545454545455,7.088577705315611,34,8,9.88888888888889,12.965290796279842,41,2,247.2500336325608,112.50640148204313,461.08660900919693,94.70508361894586,-7.722691405135054,10.978938871830147,-5.472045681893965,14.26276448149382,16.009124577135985,20.522968656218765,-9.387980021340445,13.18401048503576,-10.973880293431154,21.835657591197073,20.608552912647248,23.203777425808653,5.7170620766922315,0.14681116461132324,5.663987162387462,6.438211751917305,0.050555539098387,6.435646382127375,5.7170620766922315,5.663987162387462,6.438211751917305,6.435646382127375,7.0,3.0,1,0,1,1,1,2,0,2.0
0.760934393099988,0.17731672724756237,0.8420153550054712,0.7702137822073734,0.213467859766028,0.8446617472607854,0.20799408379182016,0.015787834791417696,0.20269171151123624,0.6410368270438376,0.18171726535504626,0.702820886164651,0.7818389294378791,0.07351350297680291,0.7835727251532083,0.4986665870255883,0.0014818357497148856,0.49845095163422476,14,14.357142857142858,3.7722131218602555,23,8,3.6666666666666665,1.6499158227686108,7,2,239.05038173254206,94.27092896958823,439.52768648884694,108.1387971052065,-7.874370794264753,2.905534541313425,-5.956607869289764,44.81855245348447,23.944910234829127,51.974202400800266,-8.84245167589197,6.867931796083705,-7.824235245081668,54.25541636278757,31.940519017784837,58.91980760253418,5.8080596532177395,0.179998418933057,5.830188062687563,5.660842543514505,0.679560692566271,5.0,5.8080596532177395,5.830188062687563,5.660842543514505,5.0,7.0,3.0,1,0,1,1,1,1,0,2.0
0.5702203307070016,0.18719896081887444,0.5656803868066498,0.471645086217005,0.21053617837098212,0.47287059332620346,0.17559148965894586,0.007520210270342225,0.17473303402943763,0.6558438246314753,0.22538782769963173,0.7296107063403601,0.9708683997361204,0.030004293243531134,0.9827851144363449,0.551903518664099,0.08544541449297828,0.5016109763178351,11,17.09090909090909,7.229416491662198,34,10,5.166666666666667,4.6338129248192805,18,2,202.0328164720028,57.05376125549659,319.52659760726027,94.95483210415073,-11.422395225075023,1.2944928584203794,-10.915760753584525,20.18634396132047,21.762625893841737,19.024151217072365,-6.362122766255422,2.9372650084804146,-7.341591030343459,12.918832049349833,25.04837508480636,13.212966655551856,5.851161063021007,0.013687128457716215,5.846184394798266,5.0,0.0,5.0,5.851161063021007,5.846184394798266,5.0,5.0,7.0,3.0,1,0,1,1,1,1,4,2.0
0.1292308678263739,0.0968680788341189,0.11425495528117505,0.18003038843136432,0.14166248833738052,0.14210205010343385,0.1473305976602995,0.008520450765211652,0.14719429941505505,0.6401578957213556,0.22048580216080252,0.7024267508216324,0.9777756979973965,0.009442322677917852,0.9751744307139272,0.5080389361514991,0.033073705906576344,0.4986204272453387,11,16.636363636363637,5.192174658652231,26,9,5.583333333333333,4.872684635347906,20,2,245.9684685519707,67.20286967354438,362.8560564874312,155.12999274412329,-3.4897459833277846,2.6144707856182388,-3.2972890963654535,-33.16745521040348,13.29928141383563,-34.09163971323777,-14.767321480493502,4.904074258169174,-15.144113537845966,-27.461563239746575,21.289722824770287,-30.406066522174534,5.889746856952317,0.026913609605944692,5.878349949983328,5.0,0.0,5.0,5.889746856952317,5.878349949983328,5.0,5.0,7.0,3.0,1,0,1,1,1,1,4,2.0
0.7980627283478364,0.15377877239452312,0.846233329308101,0.8122221823162473,0.13880476394863656,0.8674730824992607,0.11660226513629249,0.018475363903527987,0.10667690167690169,0.644256097491064,0.22161235284561787,0.7107771454603523,0.9780185815671145,0.006052634110644812,0.9784737891448052,0.7030942934937862,0.08809289636310531,0.7268581788168476,9,21.0,5.41602560309064,35,15,7.125,3.8547859862773186,13,3,323.7716614559207,46.86491598920531,395.37532762874343,251.23268113228,-8.872880073357784,1.401436815918264,-8.591821273757908,48.841335490496824,19.98661929534674,53.27667772590867,-6.974928588196069,1.76842599650419,-6.730211070356791,57.12649251483829,20.883960180701333,62.47417289096356,5.938906008669557,0.02820776873891066,5.921490496832277,5.0,0.0,5.0,5.938906008669557,5.921490496832277,5.0,5.0,7.0,3.0,1,0,1,1,1,1,4,2.0
0.22216219048335017,0.1646384589750234,0.19986557191914034,0.21953616577727098,0.16985540324408696,0.1731376778685088,0.04961691513122718,0.02200003864296105,0.0457107405384525,0.6320031404635829,0.20042404807875835,0.6904267761984537,0.973632735381297,0.01038448509534318,0.9762477507722769,0.6700864812660443,0.1221101653320157,0.7655467777087854,12,14.666666666666666,6.276056794587577,27,8,7.1,4.3920382511995495,17,3,287.8261432336666,83.3950026403786,408.9496243112087,150.91848149817076,-15.490135678559529,18.448982769273265,-13.274935645215088,-23.69393671490495,21.406065535205002,-29.109050850283378,-1.5239265541847453,22.45310003457489,-8.835759753251303,-21.771880132043986,24.395589698292916,-25.077902967655834,5.919822531510505,0.0010967984442616509,5.92,5.0,0.0,5.0,5.919822531510505,5.92,5.0,5.0,7.0,3.0,1,0,1,1,1,1,4,2.0
0.16151010214223693,0.12453881585878537,0.1469440753935408,0.23138355367124297,0.15779067429582908,0.2109893098790801,0.1685964529862779,0.15137672479677264,0.1426892258958538,0.6334112150197403,0.18292264226034974,0.6902502098984675,0.9340419975728129,0.006099348392997272,0.9317345622461299,0.7674653949600254,0.005562396755584807,0.7689891235437809,14,15.285714285714286,6.040678431961708,32,9,2.8333333333333335,0.7993052538854533,4,1,257.988114816734,123.31317362247793,474.10573442333924,31.10476787264322,-6.488881555185049,7.323464305023256,-9.012305935311687,-29.821510796932323,17.693737085211417,-29.79811670556863,-13.28926714771591,9.422402402158033,-9.920604201400367,-19.548205092364135,22.02856424961725,-21.52005468489497,5.925419470490165,0.028900895090945344,5.92,5.0,0.0,5.0,5.925419470490165,5.92,5.0,5.0,7.0,3.0,1,0,1,1,1,1,4,2.0
0.2922473122833269,0.16405342324024974,0.2680011392755469,0.24929930376735807,0.22935428197590862,0.11194699041722105,0.41356841508356773,0.06671684398370992,0.4146160304050158,0.64000246374023,0.20038470267133474,0.7067975547807411,0.9133742929471798,0.02342729326578542,0.9197927036682162,0.8115283268816423,0.1063391712149089,0.7915129444791473,11,14.909090909090908,11.325390183561773,50,8,7.166666666666667,5.225471802196961,15,1,227.79084719835768,106.65412522028734,386.23044304329756,27.870294030039855,-25.826740762920945,14.496736887519102,-20.622744248082526,-19.088326100700183,27.129386033191135,-14.299162887628945,16.2059992624208,22.092627056634655,10.579871623874322,-23.532344946982303,37.37513705578404,-34.70288162720913,5.974060810936979,0.09843606723017997,5.92,5.0,0.0,5.0,5.974060810936979,5.92,5.0,5.0,7.0,3.0,1,0,1,1,1,1,4,2.0
0.28500433334493097,0.12620975393056894,0.28627835259275514,0.2335885408517565,0.11684757147632108,0.2070228096256358,0.32338951610366923,0.04801749117033031,0.30926793391576074,0.5826208425783367,0.2609741528786557,0.6542487113141462,0.10225454332470571,0.06931165281473803,0.09728872587158804,0.18948096263883096,0.08459245749312179,0.2006004638817695,12,16.416666666666668,8.046306951363189,39,8,5.0,4.427188724235731,15,1,220.38951428068685,129.48472396561388,420.06585274687075,44.60194388665589,-4.859736076025341,3.214269024939559,-5.0168046015338446,23.71356375325108,14.991420423369684,22.490678392797598,-4.334681336445481,5.302030297717331,-2.9726643881293766,23.99453250816939,14.38061125951379,26.5466918972991,4.571172714904969,0.6269711251596367,5.0,5.243249713904635,0.5987778837596676,5.0,4.571172714904969,5.0,5.243249713904635,5.0,7.0,8.0,1,1,0,1,1,1,3,3.0
0.7759057491447524,0.28106265189875995,0.9628265812767952,0.7129267161086611,0.25855577391782636,0.8045306248372135,0.37243979487075135,0.04689474672767936,0.36406979063372225,0.5592695625660079,0.21445989916220817,0.6206419387078181,0.3237360710091121,0.0509505497871392,0.32862213330369305,0.3460093299047286,0.1112624168557814,0.30784609036897664,8,21.875,10.948030644823753,44,12,9.375,7.841197293781097,27,1,331.21510498580926,116.16416232986795,431.47486440046583,47.84284278346233,-5.5522936085361785,1.0800041430450247,-5.31356468822941,-30.828112546848946,31.12469538808525,-51.42498716238744,-6.685486934311435,7.18855720684781,-4.6633602867622646,-35.36416295431809,32.62215699753694,-43.47569389796598,3.776088454818273,0.00865783069439835,3.7777895965321777,7.444220762920973,0.01912196466747753,7.442,3.776088454818273,3.7777895965321777,7.444220762920973,7.442,7.0,8.0,1,1,0,1,1,2,3,3.0
0.4493602913086114,0.18470889155759268,0.3617040429303783,0.39610713104095663,0.19717295047761774,0.30987523234327785,0.2826459241855616,0.01414194250332223,0.2866420345126926,0.5729177476503636,0.21009934587674925,0.6374651945206022,0.457202844742123,0.033351502000201205,0.45762217035308106,0.28949417465767424,0.041929605973139036,0.2941993535358117,9,23.444444444444443,13.013762895156727,52,8,4.111111111111111,2.3306863292670035,9,1,330.4776880187667,171.65108047317122,622.835385012166,149.97990839259384,-0.7338478239413155,2.0810266834663906,-1.0029428142714196,5.10382771057018,20.22943853953311,14.445873624541516,-14.579186659553187,6.342634049142275,-13.932660220073359,3.304207601200378,26.07710528716802,14.213355785261754,3.8188583927975994,0.0764279680389194,3.7963956318772922,7.614255169056352,0.11711447132609329,7.586800933644548,3.8188583927975994,3.7963956318772922,7.614255169056352,7.586800933644548,7.0,8.0,1,1,0,1,1,2,3,3.0
0.5331365573250362,0.16635934821464599,0.44925608150663565,0.4468476351578712,0.24272494845316847,0.3211337861328549,0.21829375615519667,0.026712057414421793,0.2236117896451577,0.5588553518092674,0.1693587944640188,0.6113003347442638,0.5062440812039339,0.011213056001684893,0.5122203697528771,0.42410897052580077,0.13550736327917276,0.34788214236397347,12,16.5,8.331666499966659,35,8,4.545454545454546,3.8225083712052066,16,2,272.24892743749797,114.82139641652215,470.9521986442002,108.70972412937951,-1.34678009603201,0.7159740016537531,-1.2787427475825266,-2.9888794704901556,17.082719512293142,5.663727742580858,-8.365727123707911,5.3735450065042,-8.88661420473499,-1.4917972697565638,28.506320181482206,12.508315105035024,3.365928973657886,0.22899512738301925,3.236043514504835,8.416628774924975,0.29818459473913933,8.585704568189396,3.365928973657886,3.236043514504835,8.416628774924975,8.585704568189396,7.0,8.0,1,1,0,1,1,2,3,3.0
0.6533172494936519,0.1242945323039165,0.6348086649615106,0.5170004966914161,0.20132272686557487,0.4047014794187712,0.15414134615332742,0.01624716848966744,0.1623120200302821,0.5643385626952945,0.18060558137245974,0.6170601164365581,0.4555716771256508,0.01036052403909186,0.45188247934496273,0.44786712156367503,0.13015619303874157,0.42485518391664523,11,19.545454545454547,11.324660431302014,40,8,3.5555555555555554,2.165954298846436,8,2,240.3459612737205,112.81319782656965,457.3604865335518,125.61533401752585,-5.010246198066021,1.397210816881731,-5.4024278092697555,-15.03434104968324,13.273571050151833,-12.699370790263426,-5.118383097032344,4.391380965699656,-6.441780926975623,-9.967600968322786,23.141182189603587,2.931750750250084,3.35658933111037,0.2483835434336292,3.238950650216739,8.63624962587529,0.06441022932051395,8.605796598866288,3.35658933111037,3.238950650216739,8.63624962587529,8.605796598866288,7.0,8.0,1,1,0,1,1,2,3,3.0
0.6979978197634422,0.1322932227156773,0.6637183149732812,0.670175620430499,0.1947344748362499,0.7088977555110101,0.0965661782464526,0.019236693142408102,0.0935682588228634,0.5663145825964507,0.1660548618476775,0.6149637369589795,0.4724390223583265,0.0065609213229589165,0.4733296283946484,0.5677306197201185,0.21339837816834417,0.5700032176554114,10,20.2,7.717512552629894,37,8,5.75,5.448623679425842,19,1,285.8833311625666,150.8161084466541,455.09938280937786,60.49514791778137,-3.279748970990327,2.041956409318341,-2.7027690896965715,-19.978386930310084,14.690736347918548,-15.6608404468156,-8.05730986728911,5.6170393438449535,-7.711749749916638,-29.262500264087983,25.099527087459762,-31.917825775258414,3.8891096778926313,0.2619436482810477,3.760182060686896,8.419053225741914,0.31012030858255296,8.612009836612204,3.8891096778926313,3.760182060686896,8.419053225741914,8.612009836612204,7.0,8.0,1,1,0,1,1,2,3,3.0
0.6958342015348375,0.14587625201317253,0.6588711833031358,0.5969450541895072,0.22904651641469392,0.6469631682552801,0.05414973583626747,0.014560649415066861,0.05203362194878715,0.5682669423044922,0.17047215437577337,0.6222025581471431,0.4351010576168612,0.02093936535123987,0.433314808639911,0.5569997650280739,0.1058365081923297,0.5976013517362806,10,19.3,9.644169222903546,40,8,5.7,4.172529209005013,16,1,253.98797442382002,104.61361145649265,403.15153927194433,14.961934603955832,-8.462806616872292,1.4239345251821847,-8.344257085695228,-20.164912768256094,17.0447519277775,-15.137911803934614,-5.026273832610871,5.486234748862628,-5.541131543847989,-20.482699437145737,28.735738510664778,-24.3505166722248,3.7006864794931644,0.03723806964058876,3.6708929643214403,8.632562663554518,0.010243479750837762,8.627700066688897,3.7006864794931644,3.6708929643214403,8.632562663554518,8.627700066688897,7.0,8.0,1,1,0,1,1,2,3,3.0
0.5135721381320499,0.05559240037188814,0.48798005023740565,0.3690779701087489,0.06019859153018353,0.34440363047105593,0.030215413172174355,0.027888995279678308,0.0247202875652212,0.5758599598146298,0.17210003043390773,0.6362412388758765,0.415566848307512,0.00788868248525312,0.4178000074098741,0.6280313773793366,0.13652170880632225,0.6476899395550548,9,23.11111111111111,15.751151241483866,67,13,5.125,3.585997071945263,10,1,218.49497299599318,156.23300302799498,502.8982892420981,31.614940452153835,-7.497527039679893,0.29399907744730214,-7.564637045681895,-0.5549515825275236,5.570774383368387,1.9985438479493127,-1.2599747169056452,3.6746473193478195,-1.6190036678893112,6.881203351783917,6.730328214446849,9.631393131043678,3.731646432810937,0.062425876874886224,3.7380175058352787,8.681503957319107,0.07540750400896151,8.626,3.731646432810937,3.7380175058352787,8.681503957319107,8.626,7.0,8.0,1,1,0,1,1,2,3,3.0
0.22164914749868667,0.11921469451278448,0.2056430013730846,0.16071007388422529,0.07944117673062527,0.1787365902680556,0.31824047255332616,0.06634891737788508,0.32030795448849086,0.5643832769388225,0.14751594182475142,0.603178127031997,0.44360379869278305,0.015659108961256114,0.4400370493868308,0.7796284701544067,0.14153374801247928,0.7643286394678462,10,21.7,12.712592182556632,53,9,4.0,2.7838821814150108,11,2,219.18245187298834,68.42387836395439,375.49539655061517,127.70269111048032,-10.120515142380794,1.6785052027084442,-10.876869623207742,31.276861944648207,13.97244924302062,32.32270090030011,-2.8411392237412465,3.3330317344196554,-2.6892504168056024,33.821972265421806,12.011165858772735,30.074949649883333,3.5386430130043345,0.0032797816473414403,3.5388084361453815,8.839769828609537,0.0022124041868601314,8.839512837612538,3.5386430130043345,3.5388084361453815,8.839769828609537,8.839512837612538,7.0,8.0,1,1,0,1,1,2,3,3.0
0.2735861612080917,0.04333121072522154,0.28032200443723587,0.159117684713502,0.05430809918672506,0.14665920718517786,0.19894725510821837,0.023669853325291,0.2037679263997133,0.5644333347077464,0.1823295378251643,0.6262617192317784,0.5499142508149562,0.03704504235146684,0.5535148753288139,0.7027503072680561,0.09557709634029425,0.6839106434529267,9,24.88888888888889,13.96379799055356,56,9,3.4285714285714284,3.3319725113401715,11,1,137.8230434310859,93.0232290519494,281.61828940591505,29.067506021179362,-2.811889365788599,1.349015841847797,-2.3867689229743276,23.8276318546182,4.639856360270971,22.98035761920626,-7.20943609869956,2.3740507263549806,-7.595734411470502,33.65472186062019,7.581410431948372,35.306951983994665,3.451182254084695,0.07503488132659397,3.3883049349783256,8.86524725975325,0.022346612387516108,8.882427309103033,3.451182254084695,3.3883049349783256,8.86524725975325,8.882427309103033,7.0,8.0,1,1,0,1,1,2,3,3.0
0.3442509704453164,0.19350910720669562,0.22855793127199275,0.34991638483384535,0.2017271378258711,0.3208454484760666,0.5505650770421407,0.2109663572023048,0.5622385500185865,0.5676581218327881,0.1909658000059378,0.6035354523342868,0.6147435259347445,0.013620298414917938,0.6089555777851893,0.8868374719887102,0.0728807828129662,0.8812670149178994,12,17.666666666666668,12.057731498457281,51,8,3.0,2.73030134866931,11,1,184.14090551736865,119.55272945769804,389.26712993598227,28.535797603523207,-1.9890814591530552,2.3946252326695165,-3.0375506835611867,17.16066202067359,20.11613519914668,28.804163554518198,-11.833802408802926,4.511049732903387,-10.262816605535189,10.897229013671264,25.03725631606158,12.604886962321125,3.3061419793264424,0.09166614229410935,3.3814443147715902,8.910398770256752,0.028980746706373007,8.88909169723241,3.3061419793264424,3.3814443147715902,8.910398770256752,8.88909169723241,7.0,8.0,1,1,0,1,1,2,3,3.0
0.3489899787190341,0.2933816164376962,0.31830256550429126,0.3282636774300707,0.23976463215771726,0.20454872023502008,0.807285324729196,0.11618516818898643,0.7795384553542968,0.5620684911005147,0.1651033773052296,0.6192775613765489,0.8055396345670064,0.10500517318872858,0.7962891334148373,0.8172627466960352,0.09585366560946376,0.8147066828760634,11,18.272727272727273,12.181139736874222,42,8,4.8,2.85657137141714,13,2,291.17784672206756,116.25022286571595,450.96683108622784,86.81644201451361,1.8739545141713834,5.360623468489216,0.2779686562187462,19.201969187062296,33.01180759960397,18.817773757918772,-17.102946747582493,7.820746369267045,-14.628021840613542,16.13936862554182,31.585343306639032,27.938909803268068,3.167784096032011,0.029060672825700504,3.1753847949316443,8.954065457819274,0.009978955326764568,8.952,3.167784096032011,3.1753847949316443,8.954065457819274,8.952,7.0,8.0,1,1,0,1,1,2,3,3.0
0.4547970633645704,0.0245392206017073,0.44336960750847,0.4540904778552825,0.047781862869690425,0.456144963690855,0.9382980269956288,0.034533748555198716,0.9295776168353063,0.5589893395543584,0.08401916672460369,0.578115743969752,0.9298325497671801,0.017662949070611462,0.9297779945340006,0.06235016465342343,0.06923939697816563,0.029553917200820998,11,17.454545454545453,5.91398398810567,28,10,5.2727272727272725,6.523954588366965,25,2,179.14828618028662,78.44343860230028,301.3730500975262,83.61888421693924,-10.424976366788929,0.3774943816241237,-10.467252917639215,-1.5829661927309095,2.841368654719391,-2.8987632544181396,1.2762676092030683,3.187790564130899,0.2319339779926642,-3.5166956145381785,5.558238644145065,-3.271029676558853,5.0,0.0,5.0,5.0,0.0,5.0,5.0,5.0,5.0,5.0,2.0,4.0,0,0,1,1,1,1,4,4.0
0.1298598790824063,0.16880165941492659,0.06446237053151495,0.13874647428048356,0.20436996912691904,0.04516951926223625,0.825439145273042,0.032253557764850754,0.8317776691825185,0.5544640154886149,0.06682936152227782,0.5791035885478681,0.9805476345907378,0.011318913599491288,0.9800875992932225,0.15352914880904964,0.07503847098678934,0.1610113847789965,12,12.166666666666666,4.615794141375409,21,8,8.0,10.318020084373671,40,1,303.80555120955245,128.90662643862242,522.1967089283683,30.19403932312009,-10.2613371843948,2.0913944543535696,-10.353366622207403,-64.38782550316773,38.27954148437354,-69.77918206068688,-0.10546168856285325,4.607168480446334,0.338569356452156,-78.37540596065357,46.66657672639218,-84.54912187395797,5.0,0.0,5.0,5.0,0.0,5.0,5.0,5.0,5.0,5.0,2.0,4.0,0,0,1,1,1,1,4,4.0
0.846754487037225,0.08895486332967144,0.8720743904143078,0.8459007520216805,0.12182763186947075,0.8872604754215939,0.7122696465922493,0.033099109316073926,0.705079121100294,0.5652763245336255,0.16487817808829097,0.5741788494720158,0.9797331994111537,0.01738804481533227,0.9825448046545096,0.12136714962123721,0.08864771828263115,0.09964753022109385,10,16.5,7.032069396699666,33,9,7.7272727272727275,6.929396000058002,21,1,264.0373347596758,141.1577444566124,523.4667283408834,36.03818660043364,-4.885284500166723,2.6430608390870893,-5.573781593864624,48.77311633611204,13.566790966038306,51.8241538846282,-6.97762090430143,4.987881179946486,-7.832373624541525,50.45373852217406,21.38717257483014,52.98014388129378,5.16223178792931,0.5026320048130954,5.0,4.922046866288763,0.7520488080526538,5.0,5.16223178792931,5.0,4.922046866288763,5.0,2.0,4.0,0,0,1,0,1,1,1,4.0
0.664575574522084,0.014898419760672587,0.6722579608135986,0.6776677935568034,0.08220862678052575,0.656933094947378,0.5727438191403933,0.04693907682085564,0.5599184589644712,0.5315953262197707,0.215958880296971,0.5226743217525726,0.9276073959061011,0.01271693739012139,0.9322624675514879,0.3020401974316714,0.10680850298445656,0.24740956278619525,8,27.25,25.207885670956223,88,8,4.142857142857143,2.231499907401901,9,2,270.41412872179154,116.90153384833738,445.3745476564473,122.32348303837186,-7.416018039346446,1.3973902796099238,-7.695672390796924,22.855203663887966,1.8253966052295596,23.820071190396803,-5.443428216072028,4.842218042042995,-2.982859953317768,23.309555861287095,10.82767091671564,20.10499199733244,4.613521859286429,0.6729412941861485,5.0,4.355193029676559,1.014725119884195,5.0,4.613521859286429,5.0,4.355193029676559,5.0,2.0,4.0,0,0,0,0,1,1,2,4.0
0.7261509163339108,0.13862027529551538,0.7045626756323203,0.7356678546096144,0.18784542560366496,0.8015270103440156,0.4671453470392772,0.031781264450860276,0.46376771045092413,0.5935190176715911,0.16570503792336044,0.5950095283697154,0.8691877871138243,0.014837016575247865,0.8680081834131598,0.27639720008574886,0.15383225278956553,0.27198536955374264,13,10.615384615384615,2.4349525832837555,15,8,9.083333333333334,8.88311444383231,34,1,366.97378620801504,230.31580299798713,851.2141562372339,69.14674706626623,-16.305094824941648,6.669246795964208,-14.826511837279105,36.55437873291094,27.040673190247418,28.453610036678874,3.9586628342780825,11.303634110810599,0.5781402134044602,40.57760392797594,37.2324937589098,41.93860186728881,5.0,0.0,5.0,2.9508176272090694,0.00230169984294421,2.951048682894298,5.0,5.0,2.9508176272090694,2.951048682894298,2.0,4.0,0,0,1,0,1,0,4,4.0
0.8824911655336503,0.08844172654561502,0.895910962479191,0.8372272384194358,0.13330085075682999,0.8771018117794016,0.4091164256065915,0.009337005055999334,0.4099668811312208,0.5400225331152463,0.06195901529290386,0.5505002048583552,0.8250064633157963,0.007537398195961834,0.8224338019215123,0.5219454529759102,0.15178180815453995,0.5082544920246398,13,15.076923076923077,5.594798937220979,29,8,4.333333333333333,3.064129385141706,13,2,227.85708640444474,63.87579971477873,351.96399155245456,82.66610183431989,-16.90673416605535,1.6868565452094328,-17.524089029676567,88.4309297619207,37.91667064874952,94.91942780926976,3.0302184741580565,5.05326971348788,3.1104924974991386,76.1587841173725,45.852103882969594,80.4203339446482,4.9947100233411135,0.048245575985245974,5.0,2.957892174724908,0.024889480539670116,2.95077459153051,4.9947100233411135,5.0,2.957892174724908,2.95077459153051,2.0,4.0,0,0,0,0,1,0,2,4.0
0.5567399853740177,0.04444520622527512,0.5764426707517939,0.6015905835467643,0.06812717411632156,0.6013442135870937,0.350156036312371,0.034773912652326724,0.36183623063683656,0.5547482632270453,0.08661158857310257,0.5757413107544971,0.8186878546600076,0.0036534101022481754,0.8186408709445201,0.5481750255132795,0.13400999038527353,0.5654478141630295,8,26.25,21.5275985655623,77,9,5.428571428571429,3.1102201510110343,12,3,263.789328552753,96.68797759344365,429.24602875467207,129.62803651245991,-15.333495966655551,0.26595745019462363,-15.408469989996664,10.358763463821278,5.268485239855957,12.676794764921624,-4.012370762254089,3.243264448982651,-2.720719406468831,13.699130423474504,8.114968012792087,13.496008336112023,2.6006426275425145,0.4530681593393251,2.722,3.9969097205735244,0.5756507440945948,4.209850116705568,2.6006426275425145,2.722,3.9969097205735244,4.209850116705568,2.0,4.0,0,0,0,0,0,1,2,4.0
0.3602819659999208,0.2123657804978496,0.3775972584182076,0.34535648320237694,0.2752229397425354,0.235299536715791,0.31796322355290363,0.020712412901832455,0.31164537927371483,0.5616512792306295,0.06686450519593241,0.5798613660883919,0.7770726752149764,0.01722232701233572,0.7768399435325779,0.7401992622260526,0.06362810890699938,0.7734660851147206,10,19.5,8.811923740024081,35,9,5.0,2.9848100289785457,12,1,261.17580430640845,127.76406902752365,450.84465599547656,60.411313056156025,-13.725358324774929,2.394492738078268,-13.165001667222421,-15.121802352784218,27.82483157383279,-10.777766922307162,-6.084999927976002,4.569224304945543,-5.0447679226408795,-21.629232512170717,38.21355927605083,-30.178209236412183,2.721152712237412,0.0018328206691127379,2.721749583194398,4.21103401933978,0.0028255746429892013,4.211743581193732,2.721152712237412,2.721749583194398,4.21103401933978,4.211743581193732,2.0,4.0,0,0,0,0,0,1,2,4.0
0.117559722223731,0.014264237729827108,0.12250449279272366,0.13614193362047555,0.0377426068885842,0.12953722721943645,0.26536723441258553,0.022240659967935745,0.2681181822701041,0.5493243922422435,0.12486642707277976,0.5282578841991409,0.6999176148421552,0.029502005425305268,0.7008371949528333,0.7739202337710333,0.00020126012272814683,0.7738722588603983,7,31.428571428571427,20.975204019829444,78,12,4.285714285714286,2.813959371941744,10,2,197.3206356583369,69.75861348820384,286.35994486432685,112.69425687626826,-11.822822962320773,0.7412643014132753,-12.266908136045348,-47.16057531043682,2.5695837581767558,-46.308655885295096,-1.017335945315104,5.604686413436135,1.5928997999332197,-45.520651187729236,6.198917060911679,-46.020368789596546,2.721800208069357,0.0013221818487260167,2.722,4.209486867622542,0.0028327788696427716,4.208696732244081,2.721800208069357,2.722,4.209486867622542,4.208696732244081,2.0,4.0,0,0,0,0,0,1,2,4.0
0.12403166533615921,0.003862133946727968,0.12230632782459736,0.1608134212945502,0.0739700595832048,0.1299916853731066,0.19736510060179788,0.017656373915858243,0.2008288615565311,0.5544700364799334,0.08364773338450582,0.5804861795345763,0.5942172245158672,0.040742550497820135,0.6062129744182643,0.7307128301793896,0.0666641705444834,0.7709665139317801,10,21.8,6.477653896280659,39,15,3.625,1.653594569415369,6,1,253.0602861537031,112.70884159568743,361.8120597443064,71.83310650493476,-12.332547019673225,0.07434472974909932,-12.339496998999667,-46.049801232410815,0.6786372600257052,-46.33871740580193,-1.8862676465488517,6.053033289410877,-4.7634581527175115,-42.240799887962595,11.378458306678718,-46.452003001000165,2.2867502674224753,0.5794828909514556,2.676700233411138,4.306282366122041,0.5033414377382137,4.211998666222074,2.2867502674224753,2.676700233411138,4.306282366122041,4.211998666222074,2.0,4.0,0,0,0,0,0,1,2,4.0
0.13501132162618817,0.003746689744697477,0.13301778744694506,0.15665802140312152,0.0362346816252438,0.15274939485838185,0.0829276990330124,0.0554074516415695,0.06149213445561055,0.5639413642479396,0.08713963539989442,0.5789730573249097,0.39735650693114033,0.05859071835474192,0.3945442873481187,0.8223662065943088,0.08183509533285299,0.7765436574994509,7,31.714285714285715,30.240532335234565,96,9,5.4,3.6110940170535577,12,1,222.73417152261658,68.94657713369506,315.18923309641053,119.07420643660454,-12.543781835278427,0.1658144217818012,-12.531408802934315,-44.166549955318445,0.6788370749440649,-44.50841563854617,-3.8554650270090005,2.3046308357348444,-3.21554818272757,-41.95412410536846,5.582120527381535,-42.20946398799599,1.7458311330443481,0.34369612417495815,1.644,4.381947893297766,0.6055528563729711,4.036632044014638,1.7458311330443481,1.644,4.381947893297766,4.036632044014638,2.0,4.0,0,0,0,0,0,1,2,4.0
0.1388879383576333,0.002124523983140523,0.13822917526967354,0.15620560151260124,0.05075914945154852,0.15288559030471371,0.02704916620156829,0.008677477186174417,0.02893115345842015,0.5578179765015122,0.03994743164506524,0.5590375758785986,0.16580092113602718,0.08658886119445748,0.17578055613553195,0.8960834449185601,0.10049692836355585,0.9540479870515974,8,25.75,13.198011213815512,42,8,6.833333333333333,4.9805175991613115,16,3,207.69019354622466,114.04649194833999,413.1769733872993,94.89922250593455,-12.271490396798933,0.12093176668788784,-12.293244914971655,-43.430725336445484,0.3832009911424626,-43.550655218406135,-1.5617763267756035,4.0351290545140355,-0.583704401467158,-42.20430418272756,7.571980902997682,-42.348001833944295,1.645850846282094,0.0020153076319427447,1.6455046682227406,5.0,0.0,5.0,1.645850846282094,1.6455046682227406,5.0,5.0,2.0,4.0,0,0,0,1,0,1,4,4.0
0.06020207732797587,0.03934956421889284,0.0697133252327001,0.07072759744910176,0.06192892477372905,0.0565078529508641,0.015611683907821234,0.010994206678354613,0.016332392650183,0.5782719329130043,0.2498056545596904,0.6313879917860655,0.8988468014240474,0.05510450702870319,0.9022262858338235,0.048441583758871885,0.023357640555381264,0.06035163844183935,9,17.88888888888889,8.19816299808743,38,11,11.571428571428571,9.54473890770861,28,3,320.31435410418175,131.68151692945662,463.24844551596635,114.83382496384253,0.24359753517839294,7.710485058291334,-0.599461320440152,9.977534240746916,10.344290233475466,5.241461653884629,-12.019658691563857,9.86067056897413,-15.08299766588863,7.518471514504833,16.172664455319108,6.622445648549514,5.0,0.0,5.0,5.0,0.0,5.0,5.0,5.0,5.0,5.0,7.0,7.0,1,1,1,1,1,1,4,5.0
0.08252671197479303,0.029670504249905034,0.08445210588307214,0.05205211698664879,0.03924016581779431,0.055098838610567746,0.03666028052610312,0.005219953566184471,0.0354523210208626,0.5430184199106473,0.13909998366300913,0.5804876418462539,0.7197849814862913,0.042273933133228477,0.7162278115031296,0.10140062837709674,0.03639138818677447,0.09621304265359845,7,32.142857142857146,31.352505351833283,81,8,3.4285714285714284,1.049781318335648,5,2,263.7073925189092,95.40826051932872,383.58607658364014,93.40285858680588,-2.3637908782927637,0.7904504870512107,-2.131270423474491,3.064624884294768,6.5373222237277,2.0189374791597183,-17.983924716238747,4.223577855278982,-17.595894298099367,10.013264688229413,10.39089034256508,6.468814104701567,7.1310589423141035,1.086942024329427,7.276160386795599,5.120960305435145,0.9774088902109035,5.0,7.1310589423141035,7.276160386795599,5.120960305435145,5.0,7.0,7.0,1,1,1,1,2,1,0,5.0
0.7214337098214105,0.28655353844497977,0.8335340558719491,0.6934861450496267,0.2876146539136522,0.7927088353152678,0.08667720489502408,0.05620696199014947,0.05803040281008825,0.5672995992562099,0.14309626655907898,0.5874956806121704,0.5839916894577232,0.030521906158857744,0.5804292173268213,0.22356018853767193,0.012199228983393236,0.22133572192082474,10,12.5,4.924428900898052,24,8,11.363636363636363,11.964133728263345,40,2,1648.6227920917213,2793.5368499509154,7587.376045723618,143.2791327205921,-0.430792345448481,7.531673603374661,-3.4257407469156385,-91.82327551050349,46.35723487927202,-96.42210153384465,-12.745400372124045,13.072003502115658,-9.284389796598907,-75.2636812684228,73.50373831738916,-82.6824361453818,8.417029672557517,0.17603512896719595,8.430755251750583,6.5976291150383455,0.2705551453573767,6.776394298099366,8.417029672557517,8.430755251750583,6.5976291150383455,6.776394298099366,7.0,7.0,1,1,1,1,2,2,0,5.0
0.1275099070527471,0.07345553590930687,0.10912789769934891,0.048895960367237916,0.036192495216200854,0.0320704790887155,0.2863811336839119,0.016257690897035725,0.28904136984645,0.5265433258482367,0.14934233878296743,0.5205533342068656,0.5180377388595173,0.006995029369785352,0.5150093301097589,0.28177573365713726,0.02282253023117891,0.2945123357388072,7,33.285714285714285,26.151832963426077,67,8,3.0,1.0954451150103321,4,1,228.98779413602225,128.6904405628889,368.83709929738245,49.797258108140596,1.9518790023341108,2.3667960196128224,2.840659219739914,-5.518430984995006,10.911384864813643,-3.417065688562854,-18.94199664554851,3.4023340875948613,-20.1651783927976,11.437899695898635,10.456591048794653,15.388867289096366,8.002036996332112,1.0981927287838609,8.883,7.129210615538514,0.5340277534948938,6.871594531510501,8.002036996332112,8.883,7.129210615538514,6.871594531510501,7.0,7.0,1,1,1,1,2,2,0,5.0
0.08653755180098471,0.051398951320976674,0.1031431639650211,0.06485931796717262,0.044346875675785505,0.0526510414925339,0.36840756190507534,0.018073329626377112,0.3740707834302983,0.5795751547185198,0.1937628396422536,0.6577015372210551,0.5541743765610995,0.021390346234967335,0.555174261762587,0.3791495412748575,0.040887307241038076,0.3761258075060341,7,30.714285714285715,12.611947688196137,45,9,6.6,3.6660605559646724,12,3,288.27761471702604,65.46725210456415,392.3931030444693,214.21894716633383,2.4666867355785302,3.723286613457462,2.402411137045689,2.7683038666222,10.89760573522698,-2.2760280093364447,-22.727495886628876,5.226131256807137,-21.155965988662906,9.366234944981676,11.405553045362973,13.34716255418473,6.495866774258086,0.06913341444566176,6.524955818606202,6.9839742900966995,0.05225225007304234,7.002127042347449,6.495866774258086,6.524955818606202,6.9839742900966995,7.002127042347449,7.0,7.0,1,1,1,1,2,2,0,5.0
0.08960767208123827,0.023754855386444285,0.08560619547234946,0.08221033639555714,0.03536994182689917,0.09771995524833595,0.3593027625706831,0.0057183624419926025,0.3604966859950482,0.5509551560151467,0.1843968140475118,0.5926950656734538,0.5833575902602102,0.007206975812275468,0.5878800157633596,0.47837836254793026,0.05384028084312985,0.4875874039505249,6,38.166666666666664,38.95474582412549,120,8,3.3333333333333335,1.699673171197595,5,1,224.36712855453868,136.83374038689374,401.4797884833784,36.57080036292782,3.4283131670556806,3.3888368182397914,2.1670148382794396,0.7332470076692296,4.943822396931603,1.20209136378793,-19.94738930976992,4.866118807034561,-21.699747249083032,2.203017484494836,8.809426361352548,-1.7604214738246133,5.840268292097366,0.5318315911897835,6.116731243747916,4.901182850283429,0.6989311983852415,5.0,5.840268292097366,6.116731243747916,4.901182850283429,5.0,7.0,7.0,1,1,1,0,1,1,1,5.0
0.13539769709712465,0.03293032393919885,0.12344925818222086,0.11144568240030463,0.035834183070880335,0.11392990078791246,0.37311659221986027,0.009328017563543067,0.3744254669131638,0.5466215278323701,0.14481248829240026,0.5791391414012752,0.4742537068561879,0.06111178134259861,0.48230357610898267,0.5122550829818693,0.049164081973263156,0.5125154566524961,6,34.833333333333336,15.550098249064396,63,17,3.1666666666666665,1.950783318453271,7,1,176.9392010342782,169.20914005791798,544.9730545147345,26.245639597786425,11.892423026342115,2.650417028734474,12.73305885295099,-7.31976012937645,6.207718272879339,-5.529569856618862,-23.100791061020338,2.525835986523348,-23.55271590530176,-2.8776783727909176,10.541163565679318,-4.476671723907954,6.5741328216072015,0.1832194857327289,6.672,5.0,0.0,5.0,6.5741328216072015,6.672,5.0,5.0,7.0,7.0,1,1,1,1,2,1,4,5.0
0.11681187486833224,0.06646915941593552,0.1541099090261693,0.10783971372793602,0.044089902599760256,0.12245768663902834,0.495752468531148,0.050492673521191196,0.5068877608403639,0.5591496282736671,0.14142252596286456,0.6033543090632225,0.18414934875260588,0.0967859450852141,0.1831102793770616,0.6136194331905562,0.034600018246602686,0.6114321299233183,8,25.375,22.638117744194194,80,8,6.428571428571429,4.952838806674205,17,1,263.71799622728594,147.0929569550607,414.18951405156446,14.339958665647531,3.3821857219073044,1.8683619517643275,3.8812274091363825,4.050199118372799,25.597333976380618,-11.171044514838234,-18.648633609869954,3.0650852778116477,-19.4731317105702,10.098931546515509,30.321893274043568,-7.137653051017007,7.758320581527175,0.6544404904640517,8.106749749916638,5.707236380126709,0.5619895527456841,5.794998999666547,7.758320581527175,8.106749749916638,5.707236380126709,5.794998999666547,7.0,7.0,1,1,1,1,2,1,0,5.0
0.17043893622189965,0.041164774670672866,0.1850463955302937,0.14180427346209085,0.04921669297983339,0.1413377114240392,0.5315259390862777,0.008329323853325644,0.5310834172239156,0.5532691291896694,0.18619816916721235,0.6019269991048509,0.02250223282339016,0.016101754542113687,0.0209288872281173,0.6746857980686897,0.0536787546465597,0.6789167138934504,7,31.714285714285715,16.61938872620329,56,12,3.5,2.3979157616563596,8,1,135.73599147870985,72.10199934981539,266.44126860299684,21.32068981402703,8.830349559186395,6.089609112284227,7.070707902634264,-13.124442662220751,6.56211672652726,-15.724657885961994,-21.767505605868624,6.671374921854399,-18.19204068022668,-9.841222540846946,7.441935559590668,-11.34356985661887,8.397894798266087,0.10352792866368521,8.374416638879627,6.291027829276425,0.15099625844128756,6.240940646882294,8.397894798266087,8.374416638879627,6.291027829276425,6.240940646882294,7.0,7.0,1,1,1,1,2,2,0,5.0
0.12862158348549502,0.014203313539042691,0.12981835261107494,0.11370186999147588,0.019715617955594532,0.10888345746075875,0.6027579666146948,0.024331748853764806,0.6059036876726951,0.5636607465866966,0.20185668745108523,0.6187816638221127,0.16850066896088547,0.07060391595578656,0.1609757436708622,0.7709080432019435,0.04613331692609837,0.7675474615227351,4,61.5,37.426594822398684,114,12,1.5,0.5,2,1,67.15810642774846,43.47370893939266,110.63181536714113,23.684397488355806,-1.5156991877292398,1.168990694395178,-1.2699056352117404,-6.371059126375451,2.43552111467607,-6.505653717905965,-12.977512617539187,1.52086735814773,-13.166491163721428,-6.79232487629209,3.733944929930496,-6.120099033010996,8.780064781593865,0.06415424718924843,8.77910020006669,6.570220665555185,0.012991032512730528,6.566089363121041,8.780064781593865,8.77910020006669,6.570220665555185,6.566089363121041,7.0,7.0,1,1,1,1,2,2,0,5.0
0.20257363114664284,0.011530491224264021,0.2032731869157556,0.14257172429976533,0.030423565962365003,0.14617659566576194,0.7211744635941258,0.19564932508400723,0.7320288979419074,0.5483040123910834,0.11936663646532236,0.590821713926132,0.42136537022441223,0.07067575661375528,0.4224039160736459,0.828756187506238,0.0490237040951032,0.8378101794676138,9,24.555555555555557,14.09579220990049,49,10,3.375,2.057759704144291,8,1,298.5808422763453,182.88579557757768,692.8199200354705,45.94222272229441,-3.422630250083357,1.0365800507437861,-3.2625978659553256,-17.730689668556185,1.5752484815447148,-17.894171723907967,-8.097988837612544,4.562296502581953,-6.734716905635234,-11.527799233077708,5.520227506884877,-12.40533677892627,8.457154088696232,0.5844791464095836,8.843,6.134796786928975,0.5438589052295291,6.557,8.457154088696232,8.843,6.134796786928975,6.557,7.0,7.0,1,1,1,1,2,2,0,5.0
0.08886555554774017,0.02293806874186671,0.08196496777573631,0.11734804774600675,0.022294731779505514,0.11136135084764229,0.15658798199859114,0.016113655121772024,0.1580400110604868,0.5644247800712889,0.16529981030120366,0.5940236164969122,0.6442016449876555,0.08230340229976434,0.6285477003471239,0.867684325952759,0.033203164249670514,0.8524041963562431,11,21.0,11.654105792302634,44,8,1.8888888888888888,0.9938079899999066,4,1,117.54215636623861,72.95455759466128,272.8598423315714,33.12839218989281,12.912048008002657,4.177715742378994,12.35022307435811,1.6243831610536714,4.0914589521084865,2.501804768256089,-28.273267346448797,5.3497070099983635,-27.639415138379462,-2.8718907755918517,3.0546483332825165,-3.0530501833944728,8.501617019006336,0.08510735828604456,8.475992330776926,5.885122634211403,0.0023600666642572357,5.885,8.501617019006336,8.475992330776926,5.885122634211403,5.885,7.0,7.0,1,1,1,1,2,1,0,5.0
0.7626377229535944,0.18905672349564806,0.8634393018420443,0.804325548096823,0.21774813252587227,0.9261746706223276,0.9437951263297178,0.05153626310282645,0.9719453829988494,0.6069923122856533,0.1896416025905236,0.6668803846202288,0.979956043918024,0.006752839002617282,0.9809786168038925,0.22034899744165837,0.12764062017134142,0.2639747284231204,11,14.272727272727273,6.425671653480833,28,8,8.454545454545455,7.655819371428109,25,2,241.26659819619607,120.33996539973369,454.6656812613741,12.772260906671143,-8.99380291963988,2.163126722538349,-9.636645548516173,39.39200138179393,25.496193177953415,51.083771090363456,-3.4805382420806916,4.84669375546722,-1.0914433144381466,57.04467559053017,31.394748635835914,71.71511503834611,5.143125880626876,1.1088771653105736,5.0,3.9766301500500165,1.9624151251705386,5.0,5.143125880626876,5.0,3.9766301500500165,5.0,7.0,1.0,1,0,1,0,1,1,1,6.0
0.5349766025309279,0.39676457690315686,0.48334454296931695,0.47151834768086703,0.40077463295792515,0.3128906572134398,0.8652174955529206,0.07306883266898144,0.8423185856189082,0.6104038981461803,0.23616375107523546,0.6814219968348176,0.9971119965507428,0.0032593635888174583,0.9984384538435895,0.34087321184106384,0.09419092166322947,0.34453633979696663,11,12.181818181818182,4.018552019145517,22,8,9.666666666666666,12.09912760858769,47,2,293.87056698353996,110.50457452735859,483.27854968297385,140.95107389394363,-9.783003417139048,2.056133197397474,-8.809669389796596,14.731671302434167,65.42121430605074,2.635470323441188,-0.48491721907302515,2.615103689467041,-0.40345965321775995,10.173219939980022,80.24608088289361,-8.947853617872632,5.854177399133044,0.04037301471472447,5.831651217072357,1.2064049403134376,0.0384169302614684,1.227,5.854177399133044,5.831651217072357,1.2064049403134376,1.227,7.0,1.0,1,0,1,0,1,0,1,6.0
0.17079117286681783,0.13621788791988487,0.1499674450444318,0.19507824609247654,0.12053277593799984,0.17284288347225935,0.7936730663166774,0.033644228903283065,0.7941791955726549,0.5885836443974167,0.2227667262932241,0.6499675859041532,0.982308287961459,0.013796407174270534,0.9846752336248844,0.278517442731542,0.05073649690737912,0.310559218527121,11,14.090909090909092,4.999173485406371,25,8,7.916666666666667,5.794513688730822,22,1,265.75099964967853,116.88270909117593,440.7808543485257,43.5962638548386,-11.6397452084028,1.583374086209752,-11.395585028342783,-47.7927413124375,32.31412374536227,-40.642850950316785,-2.976297811270422,3.5962327733214665,-2.736719573191064,-40.427469983327796,38.72103706602668,-27.885502167389127,5.81196632077359,0.021285423234432676,5.826,1.1459979539846619,0.023741825734949915,1.146,5.81196632077359,5.826,1.1459979539846619,1.146,7.0,1.0,1,0,1,0,1,0,1,6.0
0.2504004895958396,0.06989999950340922,0.2370702806185418,0.2598900202495216,0.07384033404900471,0.2598672096307323,0.7981325219062703,0.046292240534048186,0.805647709744622,0.6102175969719464,0.24261849625563803,0.6744340347043545,0.9257872445777899,0.014321743613197983,0.9241367635365638,0.3195953621611331,0.023043173368808265,0.3132365561782589,7,31.0,22.690463698592474,82,10,4.714285714285714,2.962348764761103,10,1,236.58676868382926,148.23323597367522,438.1678421081734,47.67190198341621,-12.451665401800602,0.30991112723409736,-12.409006168722907,-26.13230876958986,9.311296517731234,-27.504174391463827,-3.7944016618872967,2.1941551076158134,-4.585239746582194,-15.98387703367789,9.385437936159777,-15.627458319439803,5.822224429476492,0.10744030979534075,5.775,1.2436040760253417,0.14303404345794996,1.1747870956985662,5.822224429476492,5.775,1.2436040760253417,1.1747870956985662,7.0,1.0,1,0,1,0,1,0,1,6.0
0.21885218223363304,0.03621378635161169,0.21754540315436333,0.27831905631708936,0.06526578290485788,0.3029938296241797,0.601082395263997,0.034466990929948066,0.5972733946702359,0.5828674622029484,0.20903424568697226,0.6371236498163166,0.869781479674822,0.023329743225577886,0.874397448722224,0.43978586061829783,0.14987387460449436,0.4214775080806563,6,36.5,31.684644019882356,105,13,7.25,2.48746859276655,11,5,287.1881845347334,27.871644321118648,333.19168276478035,263.79388598560877,-11.652090096698899,0.9073229313759502,-12.218977992664222,-30.09699006735579,5.1268736741211605,-30.188838279426477,-4.654256664221412,1.717601531715088,-4.991820273424474,-13.581983437145707,8.637234254440349,-10.120977992664201,5.889201801933978,0.13530703894752527,5.850213904634878,1.1499211537179062,0.21411159113818978,1.051,5.889201801933978,5.850213904634878,1.1499211537179062,1.051,7.0,1.0,1,0,1,0,1,0,1,6.0
0.34159978119803497,0.019034457154486876,0.3443757978634851,0.3220821402837882,0.08877616637775791,0.2895632365425389,0.5622795250832867,0.06752132263832276,0.5482111883721844,0.5968435008598485,0.21590773377946113,0.6556227146472753,0.7490493292797601,0.04257245465878239,0.7497675293473895,0.41710844431202976,0.06331063836280941,0.43269396434105556,10,18.5,7.200694410957877,38,12,6.111111111111111,4.067334492827361,14,2,242.49020961419376,80.61981892819689,357.2237665168129,131.64505560231518,-10.001328818939646,0.14392153349339082,-9.993280926975658,-13.952317296432144,2.302216438923198,-13.602247582527504,-4.839941719239737,3.261626412157522,-5.743892630876962,-8.116925392464164,10.84928238088831,-11.79101617205735,6.0081136978993,0.16855384063249151,5.881,1.00498713171057,0.004177382681528605,1.0062945981993998,6.0081136978993,5.881,1.00498713171057,1.0062945981993998,7.0,1.0,1,0,1,0,2,0,1,6.0
0.32424459770865266,0.02078467558081992,0.31352431765535216,0.3081131391182109,0.08223266884083259,0.2552261865399341,0.44922621042525385,0.07200297517711057,0.43571294824392115,0.608433934204576,0.20326088058550207,0.6631996708399415,0.588072155494276,0.050955361454565376,0.5892008447260199,0.47678743196594975,0.07316589928008706,0.4772266913185472,6,36.5,35.845734288289684,115,9,4.75,0.82915619758885,6,4,281.1100854419249,38.475251148916726,323.9878045667503,231.82150974948718,-9.802571771923976,0.07741252274150409,-9.805683394464822,-16.05794040013338,2.514377791844015,-17.35963137712571,-6.13219207602534,1.3312588353600194,-5.617567855951986,-9.840294510170086,10.116087209468152,-16.226822607535833,6.237853855285095,0.0023282284169580014,6.237427809269757,1.0,0.0,1.0,6.237853855285095,6.237427809269757,1.0,1.0,7.0,1.0,1,0,1,0,2,0,1,6.0
0.5587572567659442,0.1787819725855528,0.6319065825438355,0.5376543086485126,0.24167377951159175,0.6325419250997177,0.514774611192104,0.04450271501087828,0.5067179472291053,0.5845309935453444,0.21961754109240955,0.6466181916763001,0.4005205332627071,0.05530702696600277,0.39938714614273224,0.5225358186105029,0.04928491502500869,0.5129183542808917,12,12.0,3.2914029430219167,19,8,10.2,17.72455923288362,63,2,302.5355753225318,150.2507670024471,568.2094884931093,115.44012691294621,-13.80725312170723,2.6180641643179103,-13.646865955318436,11.597123174391474,21.84131034679521,20.064954651550583,-0.5843319399800032,5.446055696898239,-0.9066103701233879,16.717322744914966,31.41477757764762,28.50139813271091,6.237345015005001,0.002231751713877583,6.237,1.0,0.0,1.0,6.237345015005001,6.237,1.0,1.0,7.0,1.0,1,0,1,0,2,0,1,6.0
0.13337600099231828,0.12718049291589625,0.0788418985475164,0.14973004442168114,0.18015178559886935,0.0255881405166828,0.4027174635028737,0.04227113740308447,0.4128831631329739,0.6194564206212076,0.2329380306013646,0.6771614294660637,0.23394243707343396,0.03865046959839829,0.2311666281923036,0.6470072264273725,0.09557515527773534,0.6391233976527881,10,14.3,7.000714249274855,33,8,10.5,10.52853266129711,36,2,208.75249415779768,65.93259772235423,350.80086639960933,104.94841187452293,5.178492846948946,22.033014868868207,-10.35125091697233,-49.053707621207096,19.143784660961202,-54.224597532510806,-28.322374446148665,28.880590518740494,-16.209812770923627,-54.06735154518172,31.084871821514827,-67.0390831943983,6.23759861820607,0.0021633191128453827,6.237,1.0,0.0,1.0,6.23759861820607,6.237,1.0,1.0,7.0,1.0,1,0,1,0,2,0,1,6.0
0.6381821142924345,0.1896163988242181,0.6579659329680064,0.6252152814218743,0.25740543148093104,0.6742501516501649,0.28992723452892283,0.04787957858215189,0.2801077515600747,0.5801102675297646,0.1874113531770065,0.6419715660393217,0.12575965490014676,0.024640635399719925,0.1198443925753043,0.8443592086976102,0.053084485553777816,0.8151129381194908,10,11.6,3.006659275674582,18,8,13.2,15.098344280085813,54,2,276.9174801598203,134.55077073344577,447.14003469470214,85.42591692781191,2.354348946982358,26.306524085713864,-14.990470823607852,22.597916954984974,24.88198382250666,26.04092297432493,-16.789459753251148,30.6725035856341,-0.563356285428462,36.641508221407136,35.377606213676565,48.120866788929646,6.224139747915971,0.009660181537574744,6.224,1.0,0.0,1.0,6.224139747915971,6.224,1.0,1.0,7.0,1.0,1,0,1,0,2,0,1,6.0
0.25813869964936625,0.01594953390218878,0.26176304001635975,0.29715625825589836,0.07429955088095284,0.34023635101000393,0.18471712075606508,0.037682262665845234,0.1818742145070516,0.6293731146539474,0.2808256764546344,0.7103678580913215,0.08416297605109593,0.00774991169877789,0.08457691025213579,0.9117339115071736,0.05698288042788783,0.9164493880127206,7,31.428571428571427,13.720236804049108,53,16,4.166666666666667,0.6871842709362768,5,3,284.132584354235,34.45759909976671,332.98089998309524,247.04182057178977,-12.481876544181397,0.5067570539080805,-12.30038612870957,-24.697569392464157,2.1047274723372955,-24.16035011670557,-3.665064696232072,1.1256902177412413,-3.339105535178394,-11.179378012670929,9.478659460647707,-5.533519506502149,5.905602718239414,0.2213767879367414,5.778750916972319,1.3048396638879627,0.23081482482675564,1.488,5.905602718239414,5.778750916972319,1.3048396638879627,1.488,7.0,1.0,1,0,1,0,1,0,1,6.0
0.2600713825258589,0.0005605829104561879,0.26019599845621777,0.29708063617625136,0.07810216931021388,0.3599950036620163,0.06527448758695122,0.058185818737586104,0.047655244296930896,0.5697309975738756,0.22889146043387867,0.6150608179885358,0.03464304049621294,0.019991540489076642,0.03423671138242825,0.9096919581094829,0.07516740434757455,0.9321964433038936,5,43.4,16.06984754128053,69,23,6.6,2.870540018881465,12,4,310.59311740748944,32.950613683555105,359.98475211701526,263.30966237703797,-12.165234258086027,0.03454923539377872,-12.163502834278095,-24.383365661887296,0.07262224577069232,-24.36734361453818,-5.063344744248087,1.3224146601408087,-5.268018672890973,-11.27329242280759,10.016729251770808,-3.1459131377126814,6.562149517839279,0.45712956412407235,6.204901467155718,1.1594242627542513,0.15569720693632152,1.1495991997332444,6.562149517839279,6.204901467155718,1.1594242627542513,1.1495991997332444,7.0,1.0,1,0,1,0,2,0,1,6.0
0.02409959519142692,0.01741850419370203,0.0218450347890515,0.05768068662663173,0.02459126614738577,0.0649213171256165,0.16026801939739438,0.08059379228041588,0.13434322151534028,0.5016022349309152,0.17637978634111023,0.5199035528882002,0.20178967632080808,0.009396211758231087,0.19778326493701892,0.06654249927328788,0.05898250093564758,0.05355987903207935,10,20.9,13.352527850560733,54,10,4.875,4.2555111326373005,14,2,224.17279713032562,97.66761522518301,456.864842595155,141.89165435580776,-5.6897619779926645,4.791819484923027,-6.8999374791597194,-14.619643411803935,17.27457917688989,-25.99311587195732,-5.80642847615872,5.734953878346277,-4.52428809603201,-15.919895051683895,21.073853686199687,-28.78787629209736,5.0,0.0,5.0,5.0,0.0,5.0,5.0,5.0,5.0,5.0,3.0,8.0,0,1,1,1,1,1,4,7.0
0.015597468036009643,0.007762200083031743,0.0124134728121072,0.03735206711286257,0.01961538057174882,0.02761625076213575,0.0452864641557291,0.003089987238809188,0.044309334261693395,0.5312733493392247,0.14596905081047337,0.5536812745550863,0.3283369691123984,0.07613115146579953,0.3182330361425766,0.19159483670371408,0.06463565845178744,0.1720477314679607,5,42.6,24.83223711227001,82,16,7.4,5.462600113499065,15,2,273.8750198386456,101.43176015576657,379.51511749937936,103.64961288410765,-8.090026626208735,2.0912779750895507,-7.7063921307102365,-25.1503111117039,3.4044797709342767,-23.723597365788592,-2.5673982900967016,5.843631525552422,0.2234554851617229,-19.385243366455487,11.672342435883746,-21.061763087695905,6.52018709303101,1.0874706210728955,6.998692064021341,3.820373187062354,1.3990658159531413,4.171881793931307,6.52018709303101,6.998692064021341,3.820373187062354,4.171881793931307,3.0,8.0,0,1,1,0,2,1,1,7.0
0.5500843941756717,0.2881376203168914,0.6069641624374625,0.543025378161259,0.27575348073136374,0.6121557240951911,0.029177705539922792,0.014397711444767938,0.02091349696051885,0.48939182362733213,0.08019253066409371,0.501950424324918,0.6103880389661478,0.07750862582237271,0.612373675123355,0.2624356305016772,0.04268634430295489,0.2777944479383039,11,14.727272727272727,6.253594007970851,28,8,8.0,4.346134936801766,16,2,293.56826573880767,111.80405149763814,474.72167648792373,100.76552912640526,-11.518664176058689,3.9229722993482237,-9.457316938979659,-107.583426162054,38.89696822641927,-114.41438162720904,-3.198999850616868,6.314002227737144,-4.970954818272758,-97.07718555785259,35.168386605605754,-104.99883211070355,5.359511490496832,0.8980175995217599,5.0,1.9709591970656888,0.37905449996502666,2.128,5.359511490496832,5.0,1.9709591970656888,2.128,3.0,8.0,0,1,1,0,1,0,1,7.0
0.8414200269336889,0.020210588027885015,0.844316631119399,0.756941402223353,0.02201465228438537,0.7584514147163594,0.03273479968421932,0.01938177456295591,0.0309486179792391,0.5341873186875005,0.10922514136057533,0.572488955307007,0.9025201123169179,0.07922195352579073,0.9124753986975458,0.4020772330222768,0.05162859216766396,0.4018606565137264,3,74.0,51.11425111127685,141,17,9.333333333333334,11.08552609887726,25,1,214.59517742572123,229.25797885112772,536.4402349539271,19.75140887213585,-8.586016617539178,0.8275138636171763,-8.396667555851952,-145.94579922107368,2.9823649323845247,-146.24220723574524,-9.33434485628543,3.436959248183989,-10.523213071023683,-122.88373231877293,2.8435911717781575,-122.91977942647549,5.466887777259086,0.818425314439634,5.0,2.8053070370123376,1.3621765429793096,2.6127004001333782,5.466887777259086,5.0,2.8053070370123376,2.6127004001333782,3.0,8.0,0,1,1,0,1,0,1,7.0
0.17499831276736322,0.2323313434020755,0.0477205301047908,0.14105870376844407,0.2046194145682978,0.0308563494278267,0.057160232668410256,0.015360017446458003,0.0557272030153066,0.5020244019456271,0.08439290467007404,0.5100363857234125,0.9602884342704268,0.01690275274469106,0.9627912061155782,0.43972034602862836,0.04304794681060225,0.42753363143269935,10,14.1,4.3,21,9,11.666666666666666,12.970050972229146,41,2,324.12786572855515,116.79366222278502,482.2910786136062,131.43379005768213,-13.285313025675226,1.320322153364266,-13.457939313104365,-45.72939899699904,41.757085494438066,-35.390382794264724,-2.792362123374461,4.01122375799469,-2.8922295765254926,-28.366629477825978,39.015656999909545,-8.438311103701222,6.682505675225075,0.02884346547282608,6.6920733577859295,2.50062923507836,0.03771912760438817,2.497,6.682505675225075,6.6920733577859295,2.50062923507836,2.497,3.0,8.0,0,1,1,0,2,0,1,7.0
0.015612927815550372,0.012268398138520029,0.00873561799829825,0.046000691355940086,0.03169941177420942,0.049295218772413996,0.08122868935226109,0.012005803187039126,0.0802552310667212,0.5219390811817333,0.1144616312020898,0.5555400232495351,0.8202269287875585,0.06413878161190034,0.8158616257682624,0.505157032910053,0.05514860341111146,0.5003271069534345,10,17.8,6.241794613730894,33,12,7.555555555555555,7.818938704781858,28,1,325.3050879210035,197.79042888355795,797.2355832580826,71.06175816704811,-10.158997925975326,0.6546394121020047,-9.96326092030677,-18.92251585995331,11.881503721696223,-21.38748499499833,-5.725738108702898,3.381989483017447,-5.382707569189717,-18.127313457819284,15.720280076181728,-26.423517505835274,6.695543449149716,0.00317728742299041,6.696423474491497,2.4557948502834277,0.004355933656856851,2.4548214404801607,6.695543449149716,6.696423474491497,2.4557948502834277,2.4548214404801607,3.0,8.0,0,1,1,0,2,0,1,7.0
0.015010128174005459,0.008918817931337406,0.0214350363974972,0.010235185948319575,0.004992495246059749,0.01193539469566035,0.08687856088235844,0.014730054466408357,0.08308813352799546,0.5191211373803639,0.10548951760540108,0.546309341266509,0.6500809249638108,0.05104569075956212,0.6532005367615339,0.6160336187037947,0.03135332338327908,0.5986841261759484,3,78.66666666666667,58.73291713813946,161,28,4.666666666666667,2.357022603955158,8,3,115.18694898302711,73.34778331740765,171.0905945053316,11.565232675276894,-9.455796254751585,0.1254589564707447,-9.451563354451483,-23.176537892630886,7.271935598279435,-27.95866722240747,-3.7614538552850965,2.416330320743558,-3.2177982660886872,-8.97900819473158,3.311942198008949,-8.94972357452484,6.291875273091031,0.12024609431969874,6.239,3.274147518506168,0.23471727407173718,3.398982327442481,6.291875273091031,6.239,3.274147518506168,3.398982327442481,3.0,8.0,0,1,1,0,2,1,1,7.0
0.1354420319240935,0.11566398204499966,0.11215439201313321,0.14874836831358898,0.11737977540080086,0.13980120863876172,0.09618549112323126,0.009699645849462308,0.10010709366948245,0.5102561746528632,0.08098236758634692,0.5339398719236872,0.49622590341917366,0.030794608780332015,0.4968654116080369,0.6402314182141956,0.02561987532359095,0.6373773956627432,9,24.666666666666668,18.708286933869704,77,12,3.7142857142857144,1.2777531299998797,5,2,288.3935946917169,133.9827548213448,455.7943839029185,112.89759558278651,-8.177677992664222,0.3859117920487304,-8.103093864621542,27.342729125708534,22.48867095062255,28.490939813271012,-2.999235178392796,2.623997763566918,-1.8786758919639968,36.337991819939944,22.654130060522295,39.24285295098293,6.1931917732577535,0.005221659250871207,6.192,3.3834902940980327,0.012594856850187243,3.3806710570190064,6.1931917732577535,6.192,3.3834902940980327,3.3806710570190064,3.0,8.0,0,1,1,0,2,1,1,7.0
0.39682988998650354,0.1366621705433832,0.33423841899517825,0.3862599150413723,0.1567471767243276,0.34316757629853495,0.10697818611629324,0.022385079466818163,0.10612397610497751,0.5112981393029211,0.08133771464665966,0.5229793425794869,0.3748743299096567,0.03202245055396046,0.3717743762174769,0.7141886578959653,0.03375843444502427,0.6964358637622409,8,24.625,16.316690074889575,63,9,4.0,3.1622776601683795,11,2,224.90224849845558,71.53929619284524,375.9177773251015,155.67374563138338,-6.4606122720906995,1.9037102074219123,-5.762823941313771,67.66670949516504,16.634776029355162,60.02086512170723,-5.8630824048016095,3.03487046514025,-6.535666722240743,72.89670793997999,19.124595694590084,67.74567872624206,4.841429347115703,1.9190368627111802,5.592328276092024,6.03225704701567,2.092320946598639,7.253703401133686,4.841429347115703,5.592328276092024,6.03225704701567,7.253703401133686,3.0,8.0,0,1,0,1,1,2,3,7.0
0.8027817734565732,0.04449250194478216,0.7735324551349034,0.7986094070516251,0.04674422441853083,0.8039748445664432,0.5535930971646703,0.13450474688818262,0.6108733802435748,0.5104649802317218,0.09074345005870553,0.5273991493074615,0.15517653885455965,0.081038155911106,0.14957958717730196,0.718741089520748,0.029063221716743807,0.7106502389678895,7,30.714285714285715,21.425714095212694,75,10,5.0,3.4226138716316967,12,2,200.59940091497407,101.75834782363592,329.0855822414488,54.65517013218834,-2.0625516638879606,0.40609490990894853,-2.012906302100699,116.8540868462821,6.784767721424893,112.38374391463822,-11.508618274091361,3.2220745172267904,-11.695535845281771,122.99598711437147,7.378176254345965,123.33341180393464,2.27134268222741,0.33046562423039527,2.243475658552851,7.986599141047016,0.14878931007954174,8.004,2.27134268222741,2.243475658552851,7.986599141047016,8.004,3.0,8.0,0,1,0,1,0,2,3,7.0
0.8675893672620038,0.09748133833569883,0.8738603993166707,0.8324068561760641,0.14038361469933605,0.8495304142329698,0.5641189664934289,0.024328346061689116,0.5750978009548904,0.5256592615972773,0.12494436763360116,0.5591235489693578,0.055600386288364514,0.03936186499546653,0.05010516085097425,0.8178740408130347,0.048017771917591705,0.7959738480784764,9,14.666666666666666,6.5659052011974035,30,8,13.11111111111111,18.579824448665004,65,3,1860.1681226191597,2911.483027870827,7662.360678912465,235.36240066911859,-4.189802859619875,3.9841305818774297,-3.5620391797265634,25.26966121240394,140.51040885337756,112.21192114038013,-7.8162693684561555,5.278732864604077,-8.873809603201675,20.508342828943032,135.35456873096172,97.6662014004668,2.0485601653884626,0.07094522818388128,2.066044848282761,8.140388608202734,0.019635796095417254,8.13670073357786,2.0485601653884626,2.066044848282761,8.140388608202734,8.13670073357786,3.0,8.0,0,1,0,1,0,2,3,7.0
0.6455798110763268,0.21308190832666518,0.746134842858198,0.5902953785176435,0.15119716681579215,0.6231860629385566,0.7272610365223584,0.2198811129519492,0.7092790426198499,0.507085127900582,0.10303544747651595,0.5437981447667402,0.12542189484154237,0.009361772270829285,0.1295466733006071,0.9228650386009715,0.05172068704151777,0.9025451900006928,11,13.181818181818182,5.474206988118035,24,8,8.75,13.077493388770392,43,2,407.39678702125315,555.2059189774786,2234.0344488212377,140.41271820248932,33.537907470490126,13.860529113117138,38.23934878292768,14.167916494831719,119.267371939728,61.62814838279429,-52.15848535111701,16.09762565797388,-57.17149449816603,-2.9876685001667647,112.81881256834654,55.06772124041352,2.1915570136712237,0.04643458180732303,2.1791242080693562,8.094829731243747,0.015099544940411972,8.099,2.1915570136712237,2.1791242080693562,8.094829731243747,8.099,3.0,8.0,0,1,0,1,0,2,3,7.0
0.3426558767187044,0.3116614935691335,0.2362789325219894,0.41889382523565233,0.35014810844032174,0.43372417654115425,0.271921074656062,0.2773264728277271,0.0915770531390063,0.5488911906468166,0.20570509034419165,0.576579119781109,0.06761867686407018,0.037584996529475174,0.0689508109846123,0.20670895887079202,0.11073647289146897,0.1933600970444087,12,13.916666666666666,4.821105221373576,26,9,7.9,8.734414691323055,27,2,309.50782602942974,131.90843753564099,476.67015970396324,85.22009787006553,-4.569735253084361,8.389836584553668,-0.33244481493831274,-63.8607367495832,52.106840613496814,-63.239684894964995,-4.475583374458152,8.832672653857427,-5.728902634211405,-75.34612868022673,60.24207894386145,-87.06547882627538,5.0,0.0,5.0,5.0,0.0,5.0,5.0,5.0,5.0,5.0,2.0,4.0,0,0,1,1,1,1,4,8.0
0.6793599248605033,0.22758187242729797,0.6112236365516934,0.6860627562556258,0.23017828298464998,0.5667417635302154,0.5149589913466195,0.08190763446555858,0.4952975625762806,0.5509971399629908,0.252469149020123,0.6150991539834991,0.2106870501177137,0.04914201477684679,0.20842066403086684,0.3139981426455915,0.09233024505666287,0.3246332516407279,10,22.0,13.468481725866505,58,11,3.5,1.0,5,2,2107.3430036397726,3143.059124350945,7685.10861173549,175.5464226321784,-0.3349973631210404,1.769258346038045,-0.1170611870623539,-120.06907454484829,31.619589047161455,-107.50517939313106,-11.478625956652216,4.63580519124034,-11.369357952650887,-70.04145813404469,106.70571734502542,-93.33120023341115,5.0,0.0,5.0,5.0,0.0,5.0,5.0,5.0,5.0,5.0,2.0,4.0,0,0,1,1,1,1,4,8.0
0.8716701028550355,0.17062034118110364,0.9542625679447649,0.8829063925271375,0.14192830336957563,0.949553573678922,0.40431743197203507,0.05492355479440232,0.39329158779194784,0.5565640130534802,0.2008081934913371,0.5960036899207225,0.3561184851560006,0.031119909583080377,0.3592707985995322,0.43712289661340004,0.06824466249561395,0.44541668797368594,12,14.333333333333334,6.761820925033598,29,8,6.5,5.090841449767088,22,4,1506.9670692077455,2775.1083385085253,8010.816922022279,113.98838333058836,-1.8981586782260746,2.3845658984978955,-1.8764163054351448,-121.72426466955656,90.9872117859959,-157.83425191730578,-10.299425723241082,3.5550866592927757,-9.737573691230493,-88.35279003000994,122.04064800690176,-140.87442680893633,5.531628272090696,0.942493232992677,5.0,4.458837068356119,1.0959783524768065,5.0,5.531628272090696,5.0,4.458837068356119,5.0,2.0,4.0,0,0,1,0,1,1,1,8.0
0.8897762783543146,0.1442455350641358,0.9678593562519795,0.8094420724253722,0.20436098057117974,0.9302360387661368,0.8902169931665558,0.08955221077736507,0.9222158658300574,0.5265605682138687,0.14946634470835676,0.5565354087303435,0.4989405253887404,0.06029534050705713,0.4931361048921076,0.5241795249024569,0.13301784344392423,0.47369405825787275,10,18.1,8.676981041814024,42,10,6.777777777777778,5.472715713788778,16,2,1791.4300466088469,3035.8327012052273,7516.393186800487,121.87214927198453,-7.786898828942982,6.049605514214844,-7.39346798932978,-77.59562797465823,136.3424430811671,-142.75688829609877,-7.0008955265088355,9.797750406847305,-7.082515505168393,-79.35498995531854,116.12204570107832,-125.60483277759253,5.015161051017006,1.9830524201741422,4.189497332444148,2.491562967655885,0.8716293076602283,2.4869331443814673,5.015161051017006,4.189497332444148,2.491562967655885,2.4869331443814673,2.0,4.0,0,0,1,0,1,0,1,8.0
0.27406228240256214,0.08799077086259333,0.24265583356913384,0.1969229969705148,0.09393505593022032,0.19832910770551065,0.677432368885121,0.031756759572772665,0.6646998381056579,0.5659188841708221,0.1938495153445322,0.619675282401722,0.7277856095266094,0.06547953455442126,0.7242466238746248,0.6069162908758411,0.07036906048263405,0.629580910383345,10,18.5,6.453681120105021,27,8,6.333333333333333,6.765927710061481,25,1,330.3954764786012,142.43267932518694,557.5382768953141,74.35518592697086,-5.802768129376456,4.927748082863858,-5.109928309436478,-67.56856755585194,11.182964988167331,-63.912208902967635,-7.764102783594553,8.667899747818565,-7.002082194064697,-55.07826639813266,14.304339328357909,-56.49147115705225,3.293427550516839,0.3720145540358023,3.3639518172724276,2.3013684388129376,0.1472688512018919,2.3732999333111042,3.293427550516839,3.3639518172724276,2.3013684388129376,2.3732999333111042,2.0,4.0,0,0,0,0,1,0,2,8.0
0.4225936876686336,0.17889625464246223,0.5153012738599748,0.33582564314098373,0.18580405813988926,0.3578377734965005,0.6805307733519124,0.01877582442568936,0.6839807377561656,0.5506109944540001,0.15830437882401344,0.5965531612810946,0.9156015862854003,0.02717518515530084,0.9185137605392291,0.6728747566941626,0.08231253987936274,0.6780944824426633,10,17.8,8.059776671843954,33,8,7.2,6.2577951388648065,20,1,269.4811905359324,143.85694009215194,457.77798575660233,50.545805598198626,-9.414918526175395,2.630502583100969,-10.653983161053684,-84.57035692697569,24.046417459680125,-97.01617622540847,-6.9012835905301655,4.224855084066163,-6.944723074358045,-70.44554735578531,30.690448678871487,-78.14160170056687,3.7662326148716234,0.024150945056447687,3.7747935978659553,2.5497469103034347,0.008601806966570074,2.553199399799933,3.7662326148716234,3.7747935978659553,2.5497469103034347,2.553199399799933,2.0,4.0,0,0,0,0,1,0,2,8.0
0.32233713543610987,0.2803902455680631,0.3334189168602546,0.3670148692657163,0.3083816037575276,0.3969125522831759,0.6590362966136132,0.022733342722833883,0.6662461598863194,0.5509045272813483,0.14692851478708605,0.5961614597687686,0.9866111963933986,0.014303536030725593,0.9921968036964727,0.7215291914893852,0.08145798081720816,0.734169057755308,10,15.1,8.03056660516554,36,8,9.9,10.830050784737807,37,3,324.86430055341896,105.67386312123097,493.84031366948324,174.4591418627762,-20.545638080693557,10.208279658730833,-22.62879193064355,-66.18026408669552,42.99514160311962,-72.77149083027669,5.611443771923975,9.651521907093219,6.794547349116348,-72.21598172457482,46.31934864007484,-82.33868239413061,3.904991391797265,0.11650829426362203,3.849290930310104,2.594211130376792,0.036137432231701516,2.5773032677559184,3.904991391797265,3.849290930310104,2.594211130376792,2.5773032677559184,2.0,4.0,0,0,0,0,1,0,2,8.0
0.8299000625971231,0.10817682443778587,0.8287731261488515,0.8535845379913385,0.1108566902364391,0.8546585486097683,0.619381454891631,0.025615793582950956,0.6281604687605173,0.5559760272671169,0.14747131225797688,0.5974255590107289,0.9780931416112746,0.017662627573825085,0.9809988746248743,0.6790935843921775,0.0025681605288903407,0.6794821012221757,13,13.076923076923077,4.393378557321119,21,8,7.181818181818182,6.220467416202182,23,2,1467.2210249111852,2512.574084279499,7300.897334140897,156.80614515689405,-15.869762912970993,12.601480624285065,-11.259109703234492,-110.50388012804243,96.61082128431116,-139.14339996665552,3.9046309676558724,15.77641412745729,-4.376311437145702,-62.95699240280063,133.40338622657578,-123.48692714238072,4.200921625875291,0.004723741498275753,4.202263421140381,2.6851970256752247,0.002509256480087075,2.6853921307102366,4.200921625875291,4.202263421140381,2.6851970256752247,2.6853921307102366,2.0,4.0,0,0,0,0,1,0,2,8.0
0.44214738161134437,0.13067875870711587,0.40195168163008343,0.4044869810931745,0.14616330461577878,0.4112619337984498,0.5653930942614831,0.00947358731049219,0.5648215783548332,0.5603944489626358,0.14701962112784275,0.6098959940349702,0.8961336284253898,0.02499944084643899,0.8950148561425244,0.6442967496642942,0.051967891848115275,0.6769747017143128,10,19.2,9.019977827023745,35,8,5.2727272727272725,2.2193737483152187,9,3,356.5289073378188,85.57165977177972,557.6560144675483,252.74486625569895,-13.649852317439137,5.51261881309251,-15.377002167389083,-88.09390884561522,15.50832116835144,-83.74135045014994,1.2655530136712063,8.248790124203966,2.2942479159719813,-83.24652810670221,17.792295483431033,-84.59961103701235,4.202594916972324,0.002351974840421391,4.202310436812271,2.6848463274424805,0.00215757935335858,2.685,4.202594916972324,4.202310436812271,2.6848463274424805,2.685,2.0,4.0,0,0,0,0,1,0,2,8.0
0.18415209819893227,0.06779125799817974,0.1724478755722125,0.21492229435612403,0.12886679552497854,0.2376326490963856,0.5492324375870772,0.016333283115117312,0.5523549084478436,0.5533764611886807,0.14085266331309237,0.5991582799614147,0.8121688008009349,0.026619183238730897,0.8123957985995335,0.7887367062537952,0.06360763211634503,0.8004746318290822,10,22.1,7.175653280364095,33,12,3.0,1.0540925533894598,5,2,240.0279503767973,93.76838421513663,370.7036794271081,105.69136242886799,-15.288633756585524,3.8818410976558546,-16.55491547182394,-53.96926539113037,10.719885536820096,-53.26090146715572,1.792082148716237,5.978974745310103,4.022185728576225,-56.9458950103368,20.42651300980423,-63.098794431477174,4.203483645215072,0.0023762548773826465,4.2035136712237415,2.685006108702901,0.0019005864204333504,2.685,4.203483645215072,4.2035136712237415,2.685006108702901,2.685,2.0,4.0,0,0,0,0,1,0,2,8.0
0.06872004265925538,0.1014340242347214,0.017223542410692648,0.05535480177011386,0.07350658537878929,0.02122151230188635,0.5340927948602323,0.018943527837012468,0.5293936106832182,0.545534563813988,0.1269134761188626,0.5852845993158935,0.7103412785931691,0.02902859437604585,0.7085546372600409,0.8389351510995671,0.08823656536086653,0.8422377645956278,12,16.25,6.94172168845741,35,8,4.363636363636363,2.384523099746182,11,2,294.79492336950466,99.8322881977095,398.1957544478134,86.39915703381523,-14.49680751850617,2.5317069102557466,-14.923287762587524,-22.100484054684916,24.54963916534455,-16.733959486495564,-0.5825919599866544,3.641533851444852,-0.6619721573862654,-16.459408030676908,24.90093524088809,-11.674306268756304,4.259619665221741,0.1980623682991452,4.203010336778926,2.6954841760586863,0.03681060362790733,2.685,4.259619665221741,4.203010336778926,2.6954841760586863,2.685,2.0,4.0,0,0,0,0,1,0,2,8.0
0.15368862672805522,0.0798086374712764,0.18478309820367933,0.16343272747035661,0.09807898565437183,0.1521576364981082,0.7823411595379748,0.1618383583874618,0.8607772966068787,0.5426234755081757,0.16914056085202045,0.5861028226896349,0.6055903793846471,0.0338468112457496,0.6069381758205117,0.8146616044014264,0.09485770494858514,0.7921961399924617,11,17.727272727272727,11.128104544072258,44,9,5.888888888888889,4.4333194096133335,18,3,311.39272975886473,76.05953799328188,395.3984520264934,155.88365231137294,-3.2487478106035574,10.025286668827373,-2.450067355785242,-48.30257922907636,14.903489551961982,-55.683891463821254,-13.774449324441472,12.795316972935124,-10.584725575191744,-44.6291135391797,21.279561237842415,-48.970849783261116,3.2361540900300128,0.8374845708001958,3.7799433144381465,1.851777080360122,0.5919294324553926,2.3138997999333113,3.2361540900300128,3.7799433144381465,1.851777080360122,2.3138997999333113,2.0,4.0,0,0,0,0,1,0,2,8.0
