1653129155.000000, 1653129155.000000, 1653129155.000000
32.000000, 32.000000, 32.000000
-28,-10,58
-29,-10,58
-28,-10,58
-28,-10,58
-28,-11,58
-28,-11,58
-29,-11,58
-28,-11,58
-28,-11,59
-28,-9,60
-27,-9,60
-27,-10,59
-28,-11,58
-29,-12,57
-29,-12,57
-29,-11,58
-29,-9,58
-28,-9,58
-29,-9,59
-29,-10,59
-29,-10,59
-28,-10,59
-28,-11,58
-29,-11,58
-28,-11,58
-28,-11,59
-28,-11,59
-28,-10,59
-28,-10,59
-28,-10,58
-29,-10,59
-28,-10,58
-28,-10,58
-29,-11,58
-29,-11,59
-29,-10,59
-28,-10,58
-28,-10,58
-28,-11,58
-27,-11,59
-27,-12,59
-28,-12,59
-28,-12,59
-28,-12,59
-28,-12,58
-28,-11,58
-27,-10,58
-28,-10,58
-28,-11,58
-28,-11,58
-29,-11,58
-29,-10,58
-28,-10,59
-27,-10,59
-27,-10,59
-26,-10,60
-25,-10,59
-26,-11,60
-26,-11,60
-27,-10,59
-27,-9,59
-27,-9,59
-27,-8,60
-27,-7,58
-26,-5,62
-24,-6,63
-24,-8,62
-25,-9,60
-24,-10,60
-24,-9,60
-24,-9,60
-25,-9,59
-25,-9,60
-25,-9,60
-26,-10,60
-26,-9,60
-26,-9,59
-26,-9,59
-26,-8,59
-26,-8,59
-27,-8,60
-26,-9,60
-26,-9,60
-25,-9,61
-24,-9,60
-26,-9,60
-26,-10,60
-26,-10,60
-26,-10,60
-26,-9,59
-27,-9,59
-27,-9,59
-27,-9,59
-28,-9,59
-28,-9,59
-27,-10,59
-27,-10,60
-26,-9,60
-27,-9,59
-27,-9,59
-28,-9,60
-27,-10,59
-26,-9,59
-27,-11,58
-27,-12,57
-28,-11,57
-28,-11,59
-27,-10,59
-25,-10,59
-25,-10,59
-27,-9,59
-27,-8,59
-26,-7,60
-26,-6,60
-26,-7,62
-27,-5,60
-24,-10,62
-27,-5,60
-22,-7,61
-25,-7,60
-22,-9,60
-25,-9,60
-26,-8,59
-27,-6,60
-27,-5,59
-28,-6,59
-28,-7,60
-27,-8,60
-25,-9,61
-24,-9,61
-24,-9,60
-26,-9,59
-27,-9,58
-29,-10,56
-29,-10,56
-30,-11,57
-28,-11,58
-27,-10,60
-22,-7,63
-21,-5,63
-23,-1,63
-23,-3,64
-24,-5,62
-26,-11,59
-26,-13,58
-28,-12,56
-29,-8,58
-27,-8,59
-28,-8,58
-29,-9,58
-27,-7,60
-26,-3,61
-26,-2,62
-24,-5,63
-24,-7,61
-22,-10,63
-20,-8,64
-20,-6,64
-23,-2,62
-26,-1,61
-31,-6,57
-29,-12,57
-28,-13,60
-23,-11,67
-27,-13,68
-37,-22,55
-61,-33,36
-78,-34,25
-84,-32,16
-80,-29,13
-84,-35,6
-49,-29,2
-48,-25,2
-52,-24,4
-49,-21,0
-44,-21,-3
-36,-24,9
-37,-28,7
-39,-32,14
-39,-34,17
-34,-36,15
-35,-36,12
-36,-36,9
-35,-34,2
-30,-34,3
-27,-30,9
-32,-31,25
-38,-29,34
-52,-26,28
-62,-22,33
-64,-18,57
-71,-14,62
-71,-7,57
-63,0,45
-59,1,44
-58,3,43
-57,3,45
-59,4,46
-44,5,42
-40,0,42
-28,-1,65
-12,-6,82
-17,-1,72
-36,2,57
-40,0,56
-37,-2,52
-32,-2,52
-33,-3,51
-37,-3,52
-39,-3,50
-44,-3,49
-44,-2,49
-42,1,51
-40,2,53
-39,2,54
-37,1,55
-37,0,54
-41,0,53
-38,0,53
-38,0,54
-39,1,54
-40,2,54
-40,2,53
-40,0,53
-40,0,51
-39,0,54
-37,0,54
-39,0,52
-42,0,51
-43,0,51
-42,0,50
-41,0,51
-40,0,52
-41,1,52
-42,1,52
-39,2,53
-42,0,52
-42,-1,50
-42,-1,50
-42,-1,50
-42,-1,50
-42,-1,50
-42,0,50
-43,-1,50
-44,-2,48
-46,-2,48
-45,0,50
-42,1,51
-39,2,53
-38,2,55
-35,1,57
-34,1,58
-36,0,54
-38,-1,54
-41,-2,53
-38,0,52
-38,1,55
-37,1,55
-37,1,54
-36,0,55
-33,0,56
-32,1,56
-31,0,57
-31,0,57
-31,0,57
-32,0,56
-34,0,56
-35,0,55
-37,0,56
-37,0,56
-35,0,56
-32,1,57
-34,-1,56
-34,0,57
-35,1,57
-34,0,56
-35,0,55
-35,0,56
-36,-2,55
-36,-1,56
-35,1,57
-34,2,57
-34,1,56
-33,0,56
-33,0,57
-33,-1,56
-33,-1,56
-33,-1,56
-33,0,56
-33,0,57
-33,0,57
-34,-1,56
-34,-1,56
-33,-1,56
-33,-1,57
-33,-1,56
-33,0,57
-33,0,57
-32,0,57
-32,-1,57
-33,-1,57
-33,-1,56
-34,-1,56
-33,-1,57
-33,-1,57
-33,-1,57
-33,-1,57
-34,-1,56
-34,-1,56
-33,-1,57
-33,-1,57
-34,-1,57
-33,-1,57
-33,-1,57
-33,-1,57
-33,0,57
-33,-1,57
-33,-1,56
-33,-1,56
-33,-1,57
-33,-1,57
-34,-1,57
-34,-2,57
-34,-1,56
-33,-1,57
-31,0,57
-30,0,57
-30,1,55
-31,1,56
-32,1,58
-30,2,57
-28,1,56
-34,-1,68
-37,3,58
-38,1,53
-37,0,51
-34,-2,53
-31,0,58
-29,-2,61
-29,1,57
-26,2,59
-25,4,60
-27,7,65
-29,9,69
-28,10,67
-22,8,64
-21,6,62
-29,4,59
-32,4,62
-31,9,70
-23,17,67
-21,14,65
-16,10,68
-16,7,68
-17,1,75
-34,-6,78
-40,-11,75
-42,-21,72
-36,-19,73
-33,-26,69
-30,-33,57
-24,-37,54
-21,-43,53
-21,-45,52
-17,-46,43
-10,-47,34
-6,-46,28
4,-49,16
6,-50,9
14,-50,6
14,-42,6
16,-44,0
19,-41,-9
22,-36,-7
32,-34,-16
43,-34,-29
54,-23,-17
65,-18,-19
65,-25,-21
44,-17,-24
73,-20,-29
70,-24,-41
58,-22,-39
58,-26,-38
60,-23,-33
49,-16,-16
48,-11,-2
62,-19,-18
59,-20,-21
62,-21,-34
56,-27,-38
45,-21,-23
70,-21,-10
77,-20,-7
67,-25,-28
69,-19,-15
65,-16,-13
53,-27,-27
44,-29,-30
49,-31,-31
49,-27,-28
46,-25,-24
52,-24,-22
53,-25,-24
55,-27,-27
49,-28,-29
48,-27,-30
46,-27,-28
46,-26,-29
44,-25,-28
44,-28,-30
45,-28,-31
48,-31,-30
47,-31,-30
46,-34,-31
51,-34,-28
52,-36,-26
55,-36,-26
54,-36,-27
53,-34,-23
58,-33,-25
55,-29,-17
46,-29,-19
49,-28,-18
51,-25,-13
57,-23,-8
57,-23,-8
60,-27,-9
64,-26,-8
65,-25,1
61,-27,0
59,-26,-2
62,-25,4
61,-26,4
60,-25,3
59,-25,4
59,-26,2
60,-25,1
58,-25,6
61,-24,2
61,-25,5
57,-25,4
58,-26,4
59,-25,4
59,-25,3
59,-25,4
59,-24,5
60,-26,1
59,-26,1
59,-26,4
59,-25,4
59,-25,4
60,-26,2
59,-25,4
60,-25,4
60,-25,5
60,-24,5
61,-25,4
61,-25,4
60,-24,4
62,-24,4
61,-24,5
61,-24,6
62,-24,5
62,-24,7
62,-23,8
61,-24,9
61,-22,10
62,-23,9
62,-23,9
61,-21,10
60,-20,11
61,-19,11
59,-20,11
59,-20,14
58,-21,14
59,-22,16
59,-22,18
59,-23,19
61,-24,18
62,-25,20
61,-25,20
63,-23,18
65,-22,19
62,-23,18
60,-23,19
56,-22,19
51,-25,17
52,-25,19
49,-23,21
49,-20,20
53,-20,18
54,-21,21
56,-20,22
67,-20,20
67,-19,28
62,-20,25
58,-19,21
64,-20,16
56,-19,17
56,-20,17
62,-21,20
63,-21,23
59,-20,27
60,-18,23
58,-17,21
56,-16,19
56,-16,13
56,-17,13
58,-19,11
57,-18,13
61,-18,15
62,-19,14
61,-20,13
60,-22,10
60,-24,7
60,-25,10
63,-27,8
62,-28,9
64,-29,10
64,-27,9
61,-25,6
60,-24,5
60,-23,9
60,-24,13
62,-24,12
60,-25,12
54,-28,16
54,-27,18
55,-24,21
53,-20,21
61,-24,17
59,-22,16
54,-19,17
58,-17,18
59,-15,17
61,-16,16
58,-16,15
60,-16,16
61,-16,16
60,-16,16
62,-15,19
62,-14,20
61,-14,19
61,-14,21
60,-14,21
62,-14,19
60,-14,19
61,-13,20
62,-13,19
63,-12,20
65,-11,18
73,-4,21
77,-4,19
85,-3,13
89,-3,5
91,-6,-3
87,-6,-20
82,-11,-14
72,-8,-12
70,-12,-15
65,-18,-33
51,-8,-25
32,-21,-48
7,-32,-62
-17,-20,-51
-65,-13,-11
-88,-8,1
-119,0,4
-115,3,24
-110,9,31
-107,7,16
-113,10,12
-115,16,30
-89,11,30
-79,9,24
-74,9,17
-70,5,26
-79,5,33
-70,0,31
-65,-2,28
-64,-7,24
-45,-11,32
-6,-2,61
-17,3,79
-28,4,68
-33,0,52
-30,-1,48
-32,0,59
-28,0,56
-30,0,54
-32,-1,60
-29,1,55
-22,8,61
-26,11,65
-29,9,68
-25,8,62
-24,5,62
-26,1,58
-30,2,52
-30,5,50
-31,8,60
-33,6,63
-34,6,60
-36,4,55
-37,5,54
-32,4,55
-30,5,57
-34,7,58
-32,9,56
-32,8,56
-31,7,57
-32,6,57
-32,6,57
-32,6,57
-33,7,56
-34,6,56
-32,7,56
-29,7,57
-33,8,56
-35,8,55
-31,8,57
-31,8,57
-33,8,57
-33,8,57
-33,8,57
-32,9,56
-32,9,56
-32,8,58
-31,7,57
-32,8,56
-35,9,55
-35,9,55
-33,9,57
-33,9,57
-34,9,56
-32,8,56
-32,8,56
-32,9,57
-32,9,57
-32,9,57
-32,8,56
-34,8,55
-34,8,56
-30,8,58
-31,9,57
-35,8,56
-34,9,56
-32,8,57
-32,9,56
-33,8,56
-32,8,57
-31,8,57
-32,8,56
-33,8,56
-33,8,56
-32,8,57
-32,8,57
-32,8,57
-32,8,56
-33,8,56
-32,8,57
-32,9,57
-32,8,57
-32,8,56
-32,8,56
-32,8,57
-33,8,56
-33,8,56
-32,8,56
-33,9,56
-33,9,56
-33,9,56
-32,9,57
-32,9,57
-32,8,57
-32,9,56
-33,8,56
-32,9,56
-32,9,57
-32,9,57
-33,10,56
-33,10,56
-33,9,56
-32,9,57
-32,8,56
-32,9,57
-32,9,56
-32,8,56
-32,8,55
-33,8,56
-33,9,56
-32,9,57
-33,9,57
-33,9,56
-33,9,57
-32,10,56
-33,9,56
-32,9,57
-31,9,56
-32,9,56
-33,9,56
-33,9,56
-34,10,56
-35,9,55
-35,10,55
-34,10,55
-33,10,55
-34,11,56
-34,11,56
-35,11,55
-34,11,55
-34,11,55
-33,12,56
-34,12,55
-34,13,55
-33,13,55
-33,13,55
-33,12,56
-34,12,55
-35,13,57
-33,12,55
-33,11,54
-34,12,54
-35,13,55
-34,12,55
-34,13,55
-33,13,55
-34,13,55
-35,13,54
-34,12,55
-34,12,55
-34,13,55
-33,12,55
-33,12,55
-33,12,55
-32,12,56
-33,12,55
-33,12,55
-33,12,55
-34,12,55
-34,12,55
-34,12,56
-33,12,55
-33,12,56
-33,11,55
-33,11,55
-33,12,56
-33,12,56
-33,12,56
-33,11,55
-33,11,56
-34,11,56
-33,11,55
-33,11,56
-34,11,55
-33,11,56
-33,10,55
-33,11,55
-33,10,56
-33,11,55
-34,11,55
-33,11,55
-33,10,56
-33,11,56
-33,11,56
-33,11,55
-34,11,56
-33,10,55
-33,10,56
-33,11,55
-33,11,55
-33,11,55
-33,11,56
-33,11,55
-34,10,55
-32,11,56
-32,11,56
-34,11,55
-33,11,56
-33,10,56
-33,11,55
-33,11,56
-33,11,56
-33,10,56
-33,11,56
-33,11,56
-33,11,56
-33,10,56
-33,11,56
-33,11,56
-33,11,56
-33,11,56
-33,11,56
-33,10,56
-33,10,56
-33,10,56
-33,11,56
-33,10,56
-33,11,56
-33,10,56
-33,11,56
-33,10,56
-33,11,56
-33,10,56
-32,10,56
-33,10,56
-33,10,56
-33,11,56
-33,11,56
-33,10,56
-33,10,56
-33,10,56
-33,10,56
-33,10,56
-33,11,56
-33,11,56
-33,11,56
-33,10,56
-33,11,56
-33,11,56
-33,10,56
-33,10,56
-33,11,56
-34,10,56
-39,10,55
-39,11,55
-30,11,57
-21,9,58
-26,8,57
-33,11,57
-33,11,56
-37,12,55
-36,10,53
-29,8,54
-24,8,58
-26,11,60
-32,13,59
-42,12,53
-40,12,52
-33,10,54
-29,9,56
-27,12,59
-33,13,59
-39,12,56
-39,12,51
-36,11,52
-28,9,56
-26,12,60
-29,13,60
-39,12,55
-42,12,51
-37,11,52
-29,8,55
-25,9,57
-27,13,59
-30,14,59
-38,12,54
-41,10,51
-40,10,51
-34,9,55
-29,10,56
-27,15,61
-33,16,60
-34,15,58
-40,11,52
-37,10,53
-34,8,53
-35,9,53
-33,9,54
-32,12,56
-33,12,57
-34,11,57
-33,9,56
-34,9,55
-36,8,54
-35,9,54
-32,9,55
-33,9,54
-34,10,54
-33,10,56
-31,10,57
-31,10,58
-32,10,57
-33,10,56
-32,10,56
-32,10,55
-34,9,55
-35,9,55
-33,9,55
-33,10,54
-33,10,56
-32,11,58
-32,11,57
-31,11,57
-32,11,57
-32,12,57
-32,11,57
-31,11,56
-31,11,56
-31,12,57
-31,12,57
-32,12,56
-32,11,57
-32,11,56
-32,10,56
-32,9,56
-31,10,56
-30,12,58
-31,12,58
-31,12,57
-30,12,57
-31,11,56
-31,11,56
-31,11,56
-32,12,56
-32,11,56
-31,12,57
-31,12,58
-31,12,58
-30,12,58
-30,12,58
-33,12,56
-34,11,55
-33,11,56
-34,10,56
-34,10,55
-33,9,55
-34,10,55
-34,10,55
-33,11,56
-32,11,56
-33,11,57
-32,11,57
-31,11,57
-31,11,57
-31,10,57
-31,9,57
-30,9,57
-30,8,56
-31,8,55
-32,9,55
-34,10,56
-33,10,57
-32,11,57
-32,11,57
-32,11,57
-33,10,56
-33,9,56
-31,9,56
-31,10,56
-31,10,57
-31,11,57
-31,11,56
-32,10,56
-33,10,56
-33,10,56
-33,10,56
-32,10,56
-32,10,56
-32,10,56
-32,10,56
-32,10,56
-32,10,56
-32,10,56
-32,10,57
-32,10,57
-31,11,58
-30,11,58
-31,10,58
-31,10,56
-32,9,56
-32,8,55
-32,8,55
-33,8,55
-32,9,56
-31,10,57
-31,11,57
-31,11,57
-30,10,57
-30,10,57
-30,10,57
-30,10,57
-31,10,57
-31,11,56
-31,11,57
-30,12,58
-30,12,58
-29,12,58
-30,11,58
-31,11,57
-31,11,56
-32,11,57
-31,10,57
-29,10,57
-30,11,57
-30,11,57
-31,11,57
-31,11,58
-30,12,58
-30,11,57
-30,10,57
-31,10,56
-31,9,57
-30,10,57
-30,11,57
-30,12,58
-30,12,58
-30,12,58
-30,12,57
-31,10,56
-31,10,56
-31,10,57
-30,10,57
-29,12,57
-29,12,58
-30,12,58
-31,12,58
-30,12,58
-29,12,58
-31,11,57
-31,11,57
-31,10,56
-31,10,57
-30,12,58
-28,12,59
-28,12,59
-30,11,57
-30,10,57
-31,10,57
-31,10,57
-30,10,57
-30,11,57
-30,11,57
-30,11,58
-30,11,57
-30,11,57
-29,10,58
-29,10,57
-29,10,57
-30,10,57
-30,11,57
-30,11,57
-31,11,57
-30,10,57
-30,10,57
-29,11,58
-28,12,59
-29,13,58
-26,11,57
-32,10,54
-36,11,54
-34,13,59
-32,12,59
-29,11,57
-33,10,55
-34,10,55
-34,11,56
-33,11,57
-33,13,55
-34,12,56
-32,12,55
-31,10,57
-31,11,56
-32,11,56
-32,11,55
-32,11,56
-29,12,58
-29,11,59
-30,11,57
-31,10,56
-32,10,56
-32,10,57
-31,10,57
-30,10,57
-30,10,57
-32,10,56
-33,10,55
-33,10,55
-32,10,55
-31,11,56
-31,11,58
-30,13,55
-30,15,53
-36,10,58
-38,3,64
-33,4,65
-33,9,51
-33,10,45
-36,9,49
-36,7,53
-33,5,57
-32,4,61
-31,4,60
-27,7,54
-32,6,55
-34,7,56
-29,8,61
-26,9,64
-28,8,60
-28,8,59
-28,6,60
-32,5,58
-30,3,58
-31,7,54
-34,7,54
-35,7,54
-41,6,46
-41,5,46
-41,7,51
-41,8,54
-43,8,52
-44,6,52
-41,6,52
-37,6,56
-34,7,57
-35,8,54
-36,7,56
-37,7,54
-40,7,50
-36,7,55
-34,6,56
-34,4,55
-34,5,54
-35,6,53
-35,6,54
-37,7,53
-38,8,54
-37,8,54
-37,8,55
-36,7,56
-33,7,57
-32,7,57
-32,7,57
-32,8,57
-31,9,58
-30,9,58
-30,8,59
-30,9,58
-29,8,57
-29,7,56
-29,5,58
-28,5,58
-28,6,58
-27,7,58
-29,9,59
-32,11,58
-36,9,55
-37,7,55
-32,6,56
-32,6,56
-34,8,56
-36,11,56
-36,11,57
-34,10,56
-32,9,56
-30,8,58
-29,8,58
-29,8,58
-30,7,57
-31,8,57
-31,7,58
-30,7,58
-30,7,58
-30,8,58
-30,8,58
-31,8,57
-31,7,56
-31,7,56
-30,9,59
-29,10,59
-29,9,59
-30,7,58
-30,6,58
-29,6,58
-28,7,58
-31,8,57
-33,8,57
-32,7,57
-31,7,58
-30,7,58
-31,7,58
-30,7,58
-30,6,58
-29,7,58
-29,7,57
-30,7,58
-29,7,58
-29,8,59
-28,8,59
-28,8,59
-30,7,57
-30,8,58
-30,8,59
-29,8,59
-29,8,59
-29,7,58
-29,7,58
-30,7,58
-30,7,58
-31,7,58
-30,7,56
-31,8,56
-29,6,60
-26,7,61
-24,8,61
-29,7,64
-28,9,60
-32,7,52
-32,7,51
-33,6,53
-29,6,60
-27,6,61
-25,8,62
-27,8,61
-29,8,59
-30,8,56
-28,7,59
-28,7,60
-29,7,58
-28,7,58
-26,8,60
-28,8,59
-29,7,59
-27,7,60
-29,7,59
-27,9,59
-28,8,60
-30,7,59
-31,8,58
-31,7,57
-32,6,54
-35,6,54
-36,7,55
-35,6,54
-37,5,53
-36,7,55
-35,7,54
-39,8,52
-37,8,55
-38,8,54
-38,6,54
-38,6,53
-35,7,55
-30,7,58
-30,6,58
-31,6,57
-32,6,57
-33,7,57
-33,6,57
-32,6,58
-33,6,56
-33,5,55
-33,5,56
-31,7,57
-31,8,57
-32,8,58
-32,9,58
-33,8,56
-32,7,57
-31,7,58
-30,6,57
-31,6,56
-32,7,57
-31,9,59
-30,9,59
-31,8,57
-31,7,58
-31,7,57
-32,7,57
-32,7,57
-31,7,58
-31,7,58
-30,8,58
-30,7,58
-31,7,58
-31,7,58
-31,7,58
-31,7,57
-31,7,57
-31,7,57
-31,7,58
-31,7,58
-31,7,57
-31,7,58
-30,7,58
-31,7,58
-31,7,57
-31,7,57
-31,7,58
-31,7,58
-31,7,58
-31,7,57
-31,7,58
-30,7,58
-31,7,58
-31,7,57
-31,7,57
-31,7,58
-30,7,58
-30,7,58
-31,7,58
-31,7,58
-31,7,58
-30,7,58
-31,7,57
-31,7,58
-31,7,58
-31,7,58
-31,7,58
-31,7,57
-30,7,58
-30,7,58
-31,7,58
-31,7,58
-32,6,58
-32,5,57
-32,5,57
-31,6,56
-31,7,56
-31,9,58
-29,9,59
-29,9,59
-28,9,60
-25,9,62
-24,8,62
-24,8,62
-25,8,62
-24,8,64
-20,7,65
-16,6,64
-16,6,64
-13,5,65
-9,7,60
-9,4,64
-9,2,64
-6,4,63
-5,9,63
-18,-4,65
0,-1,67
11,1,70
14,-1,70
10,-1,63
8,-4,56
11,-10,65
11,-11,66
6,-9,63
-3,-6,63
-12,-3,63
-11,-1,62
-7,0,60
-7,0,60
-14,-4,63
-32,-20,64
-31,-20,65
-25,-18,61
-18,-13,59
-18,-9,61
-24,-5,57
-27,-4,57
-29,-4,60
-23,-5,63
-20,-5,63
-18,-6,65
-18,-7,64
-18,-7,63
-20,-5,62
-21,-4,62
-22,-3,62
-24,-2,60
-24,0,61
-25,0,62
-24,0,62
-23,-1,62
-23,-1,63
-22,-3,63
-21,-4,62
-21,-5,61
-22,-6,62
-22,-6,61
-22,-7,61
-24,-7,61
-23,-7,60
-25,-7,61
-24,-7,63
-24,-5,60
-27,-4,58
-29,-4,59
-24,-4,62
-23,-3,61
-26,-4,59
-26,-5,58
-28,-4,58
-34,-5,56
-33,-6,55
-31,-3,58
-27,-4,59
-26,-5,59
-23,-6,62
-22,-6,62
-23,-7,62
-23,-7,60
-23,-6,60
-21,-6,61
-20,-3,63
-20,-2,62
-19,-1,63
-18,-1,64
-19,-2,63
-18,-4,64
-19,-3,62
-21,-1,62
-20,0,63
-20,0,62
-20,-1,63
-19,-2,63
-18,-6,63
-17,-6,62
-15,-6,63
-14,-6,65
-14,-4,65
-14,-3,66
-12,-4,67
-12,-2,63
-14,-1,64
-16,3,62
-21,5,64
-23,5,64
-27,3,62
-28,2,60
-25,-2,60
-23,-3,59
-23,-3,59
-23,-3,60
-22,-2,61
-21,-2,63
-21,-1,63
-20,1,64
-19,0,64
-18,0,63
-19,0,62
-18,-1,64
-18,-1,63
-19,0,63
-19,0,64
-17,0,64
-17,0,64
-18,0,63
-18,0,62
-19,0,62
-20,-1,62
-20,-1,62
-21,-1,62
-20,-2,62
-19,-2,63
-18,-2,64
-18,-1,63
-17,0,64
-18,1,64
-18,1,64
-19,1,63
-19,1,64
-19,0,64
-20,0,62
-21,-1,60
-22,-2,60
-24,-3,59
-29,-2,58
-29,-3,58
-30,-3,59
-29,-4,59
-30,-4,58
-30,-2,58
-27,-1,60
-26,-1,60
-25,-1,61
-24,-1,61
-24,-1,62
-24,-1,62
-24,-1,62
-26,-1,60
-26,-1,60
-25,-2,59
-25,-2,61
-25,-2,62
-25,-2,61
-25,-2,60
-24,-2,61
-23,-1,62
-22,-1,62
-20,-1,63
-22,-2,62
-26,-2,59
-31,0,59
-29,-2,58
-21,-1,62
-18,-1,63
-18,-1,64
-22,-1,62
-23,-1,62
-24,-1,61
-23,-1,61
-23,-2,61
-21,-2,62
-21,-1,62
-19,-1,63
-20,-2,63
-21,-2,63
-21,-1,62
-22,-1,62
-23,-1,61
-23,-1,60
-23,-1,61
-23,-1,61
-23,-1,61
-21,-1,62
-21,-1,63
-20,-1,63
-20,-1,63
-22,-1,62
-22,-1,62
-23,-1,61
-22,-1,61
-21,-2,62
-21,-2,62
-21,-2,62
-22,-1,61
-25,-2,56
-36,-2,48
-42,2,49
-23,6,67
-8,5,76
2,0,77
9,-2,85
5,-3,82
-6,-1,69
-16,3,57
-15,2,54
-9,2,50
-10,0,46
-6,-3,44
-10,-9,41
-16,-9,63
-27,3,84
-52,-6,93
-34,3,52
-35,-1,56
-27,5,57
-23,5,62
-28,5,61
-21,2,59
-16,1,62
-11,0,67
-16,0,66
-17,1,63
-18,1,62
-19,0,64
-20,0,64
-19,1,61
-18,1,63
-15,1,65
-14,0,65
-13,0,65
-17,1,63
-16,1,63
-14,1,64
-15,1,64
-15,2,64
-14,2,64
-13,2,65
-15,1,64
-14,1,64
-15,1,63
-15,1,64
-15,1,64
-14,1,64
-14,1,64
-15,1,64
-14,1,64
-15,1,64
-15,1,64
-15,1,64
-15,1,64
-15,2,64
-15,1,64
-15,1,64
-15,1,64
-15,1,64
-15,1,64
-15,1,63
-15,1,63
-15,1,64
-15,1,64
-16,1,64
-15,1,63
-16,1,63
-16,1,63
-15,1,64
-15,2,64
-14,2,64
-15,1,64
-16,1,64
-15,1,63
-14,1,64
-14,1,65
-14,1,64
-14,1,63
-14,1,64
-14,1,64
-14,1,64
-14,1,64
-14,1,64
-14,1,64
-14,1,64
-14,2,64
-14,1,64
-15,1,64
-15,1,64
-14,1,64
-13,1,64
-14,1,64
-14,1,64
-15,1,64
-15,1,64
-15,1,64
-14,1,64
-14,2,64
-14,1,64
-15,1,64
-13,2,65
-12,1,65
-15,2,63
-18,1,62
-16,1,63
-15,1,64
-15,1,64
-14,1,64
-15,1,64
-17,1,62
-17,0,63
-16,1,63
-15,1,64
-13,2,65
-13,2,64
-18,0,62
-18,0,62
-16,1,63
-14,1,64
-14,1,64
-14,2,66
-14,0,63
-18,-1,62
-19,0,62
-17,1,63
-16,1,64
-17,1,63
-17,1,64
-18,0,63
-18,0,62
-15,0,64
-12,2,65
-13,2,64
-15,1,64
-16,1,64
-17,0,63
-17,0,62
-16,0,63
-14,1,64
-13,2,65
-13,1,65
-15,0,64
-16,0,63
-17,1,63
-16,0,64
-14,1,64
-13,1,65
-14,2,64
-16,1,63
-16,1,63
-17,1,63
-15,1,64
-15,1,64
-15,1,64
-15,1,64
-15,1,64
-15,1,64
-15,1,64
-14,1,64
-14,1,64
-15,1,64
-16,1,64
-16,1,64
-15,1,64
-15,1,64
-16,1,63
-16,1,64
-15,1,64
-14,1,64
-16,1,63
-16,2,64
-16,1,64
-16,0,63
-15,1,64
-14,1,65
-14,1,64
-14,1,63
-16,0,63
-18,1,63
-17,1,64
-14,1,64
-14,1,63
-14,1,64
-14,1,65
-14,1,64
-17,1,63
-18,1,62
-17,1,63
-16,1,64
-15,1,64
-15,1,64
-15,1,63
-16,1,64
-16,1,63
-16,1,63
-15,1,64
-15,1,64
-14,1,64
-14,1,64
-14,1,64
-15,1,64
-15,1,64
-16,2,63
-16,1,64
-15,1,63
-15,1,64
-15,1,64
-15,1,64
-15,1,64
-15,1,64
-15,1,64
-15,1,63
-15,1,64
-15,1,64
-15,1,64
-15,1,64
-16,1,63
-15,1,64
-16,1,64
-16,1,64
-15,1,64
-15,1,64
-16,1,63
-15,1,64
-14,1,64
-14,1,64
-15,0,63
-16,1,63
-16,1,64
-16,1,63
-15,1,63
-15,2,64
-15,2,64
-15,1,64
-15,1,63
-15,1,64
-15,1,64
-15,2,64
-15,1,64
-14,1,64
-14,1,64
-14,1,64
-15,1,63
-15,1,64
-14,1,64
-14,1,64
-14,1,64
-15,1,64
-15,1,64
-15,2,64
-14,2,64
-15,2,64
-15,1,64
-15,1,64
-15,1,64
-14,1,64
-14,1,63
-14,1,64
-14,1,64
-14,1,64
-15,1,64
-15,1,64
-14,1,64
-15,1,64
-15,2,64
-14,1,64
-14,2,64
-15,1,64
-14,1,64
-14,1,64
-14,1,64
-14,1,64
-14,1,64
-14,1,64
-14,1,64
-14,1,64
-14,1,64
-14,1,64
-15,1,64
-15,1,64
-14,1,64
-15,1,64
-14,1,64
-15,1,64
-15,1,64
-14,1,64
-14,1,64
-14,1,64
-14,1,64
-14,1,64
-14,1,64
-14,1,64
-14,1,64
-14,1,64
-14,1,64
-15,1,64
-14,1,64
-14,1,64
-14,1,64
-14,1,64
-14,1,64
-14,1,64
-14,1,64
-14,1,64
-14,1,64
-14,1,64
-14,1,64
-14,1,64
-14,1,64
-14,1,64
-14,1,64
-15,1,64
-14,1,64
-14,1,64
-14,1,64
-14,1,64
-14,1,64
-14,1,64
-14,1,64
-14,1,64
-14,1,64
-14,1,64
-14,1,64
-14,1,64
-14,1,64
-14,1,64
-14,1,64
-14,1,64
-14,1,64
-14,1,64
-14,1,64
-14,1,64
-14,1,64
-14,1,64
-14,1,64
-14,1,64
-14,1,64
-14,1,64
-14,1,64
-14,1,64
-14,1,64
-14,1,64
-14,1,64
-14,1,64
-14,1,64
-14,1,64
-14,1,64
-14,1,64
-14,1,64
-14,1,64
-14,1,64
-14,1,64
-14,1,64
-14,1,64
-14,1,64
-14,1,64
-14,1,64
-14,1,64
-14,1,64
-14,1,64
-14,1,64
-14,1,64
-14,1,64
-14,1,64
-14,1,64
-14,1,64
-14,1,64
-14,1,64
-14,1,64
-14,1,64
-14,1,64
-14,1,64
-14,1,64
-14,1,64
-14,1,64
-14,1,64
-14,1,64
-14,1,64
-14,1,64
-14,1,64
-14,1,64
-14,1,64
-14,1,64
-14,1,64
-14,1,64
-14,1,64
-14,1,64
-14,1,64
-15,1,64
-14,1,64
-14,1,64
-14,1,64
-14,1,64
-14,1,64
-14,1,64
-14,1,64
-14,1,64
-14,1,64
-14,1,64
-15,1,64
-14,1,64
-14,1,64
-14,1,64
-14,1,64
-14,1,64
-14,1,64
-14,1,64
-14,1,64
-14,1,64
-14,1,64
-14,1,64
-14,1,64
-14,1,64
-14,1,64
-14,1,64
-14,1,64
-14,1,64
-14,1,64
-14,1,63
-14,1,64
-14,1,64
-14,1,64
-14,1,64
-15,1,64
-14,1,64
-14,1,64
-14,1,64
-14,1,64
-14,1,64
-14,1,64
-13,1,64
-14,1,64
-14,1,64
-14,1,64
-14,1,64
-14,1,64
-14,1,64
-14,1,64
-14,1,64
-14,1,64
-14,1,64
-14,1,64
-14,1,64
-14,1,64
-14,1,64
-14,1,64
-14,1,64
-14,1,64
-14,1,64
-14,1,64
-14,1,64
-14,1,64
-14,1,64
-14,1,64
-14,1,64
-14,1,64
-14,1,64
-14,1,64
-14,1,64
-14,1,64
-14,1,64
-14,1,64
-14,1,64
-14,1,64
-14,1,64
-14,1,64
-14,1,64
-14,1,64
-14,1,64
-14,1,64
-14,1,64
-14,1,64
-14,1,64
-14,1,64
-14,1,64
-14,1,64
-14,1,64
-14,1,64
-14,1,64
-14,1,64
-14,1,64
-14,1,64
-14,1,64
-14,1,64
-14,1,64
-13,1,64
-14,1,64
-14,1,64
-14,1,64
-14,1,64
-14,1,64
-14,1,64
-14,1,64
-14,1,64
-14,1,64
-14,1,64
-14,1,64
-14,1,64
-14,1,64
-14,1,64
-14,1,64
-14,1,64
-14,1,64
-14,1,64
-14,1,64
-14,1,64
-14,1,64
-13,1,64
-13,1,64
-14,1,64
-14,1,64
-14,1,64
-14,1,64
-14,1,64
-14,1,64
-14,1,64
-14,1,64
-14,1,64
-14,1,64
-14,1,64
-14,1,64
-14,1,64
-14,1,64
-14,1,64
-14,1,64
-14,1,64
-14,1,64
-14,1,64
-14,1,64
-14,1,64
-13,1,64
-14,1,64
-14,1,64
-14,1,64
-14,1,64
-14,1,64
-14,1,64
-14,1,64
-13,1,64
-14,1,64
-14,1,64
-14,1,64
-14,1,64
-14,1,64
-14,1,64
-14,1,64
-14,1,64
-14,1,64
-14,1,64
-14,1,64
-14,1,64
-14,1,64
-14,1,64
-13,1,64
-14,1,64
-14,1,64
-14,1,64
-14,1,64
-14,1,64
-14,1,64
-14,1,64
-14,1,64
-14,1,64
-14,1,64
-13,1,64
-13,1,64
-14,1,64
-14,1,64
-14,1,64
-14,1,64
-14,1,64
-14,1,64
-14,1,64
-13,1,64
-14,1,64
-13,1,64
-14,1,64
-14,1,64
-14,1,64
-14,1,64
-13,1,64
-13,1,64
-14,1,64
-14,1,64
-14,1,64
-13,1,64
-13,1,64
-14,1,64
-14,1,64
-14,1,64
-14,1,64
-14,1,64
-13,1,64
-14,1,64
-14,1,64
-14,1,64
-14,1,64
-13,1,64
-14,1,64
-14,1,64
-14,1,64
-13,1,64
-13,1,64
-13,1,64
-14,1,64
-14,1,64
-13,1,64
-13,1,64
-14,1,64
-14,1,64
-14,1,64
-13,1,64
-14,1,64
-14,1,64
-14,1,64
-14,1,64
-13,1,64
-14,1,64
-13,1,64
-14,1,64
-14,1,64
-14,1,64
-13,1,64
-14,1,64
-13,1,64
-14,1,64
-14,1,64
-14,1,64
-14,1,64
-14,1,64
-13,1,64
-14,1,64
-14,1,64
-14,1,64
-14,1,64
-13,1,64
-13,1,64
-14,1,64
-14,1,64
-14,1,64
-14,1,64
-14,1,64
-14,1,64
-14,1,64
-13,1,64
-14,1,64
-14,1,64
-13,1,64
-13,1,64
-13,1,64
-13,1,64
-14,1,64
-13,1,64
-13,1,64
-13,1,64
-13,1,64
-14,1,64
-13,1,64
-13,1,64
-14,1,64
-13,1,64
-13,1,64
-13,1,64
-13,1,64
-13,1,64
-13,1,64
-13,1,64
-13,1,64
-13,1,64
-13,1,64
-13,1,64
-13,1,64
-13,1,64
-13,1,64
-14,1,64
-13,1,64
-13,1,64
-13,1,64
-13,1,64
-13,1,64
-13,1,64
-13,1,64
-13,1,64
-13,1,64
-13,1,65
-13,1,64
-13,1,64
-13,1,64
-13,1,64
-14,1,64
-13,1,64
-13,1,64
-13,1,64
-13,1,64
-14,1,64
-13,1,64
-13,1,64
-14,1,64
-13,1,64
-13,1,64
-13,1,64
-13,1,64
-13,1,64
-13,1,64
-13,1,64
-13,1,64
-13,1,64
-13,1,64
-13,1,64
-13,1,64
-14,1,64
-13,1,64
-13,1,64
-13,1,64
-13,1,64
-13,1,64
-13,1,64
-13,1,64
-13,1,64
-13,1,64
-13,1,64
-13,1,64
-13,1,64
-13,1,64
-13,1,64
-13,1,64
-13,1,64
-13,1,64
-13,1,64
-13,1,64
-13,1,64
-13,1,64
-13,1,64
-13,1,64
-13,1,64
-13,1,64
-13,1,64
-13,1,64
-13,1,64
-13,1,64
-13,1,64
-13,1,64
-13,1,64
-13,1,64
-13,1,64
-13,1,64
-13,1,64
-13,1,64
-13,1,64
-13,1,64
-13,1,64
-13,1,64
-13,1,64
-13,1,64
-13,1,64
-13,1,64
-13,1,64
-13,1,64
-13,1,64
-13,1,64
-13,1,64
-13,1,64
-13,1,64
-13,1,64
-13,1,64
-13,1,64
-14,1,64
-13,1,64
-13,1,64
-13,1,64
-13,1,64
-13,1,64
-13,1,64
-13,1,64
-14,1,64
-13,1,64
-13,1,64
-13,1,64
-13,1,64
-14,1,64
-13,1,64
-13,1,64
-13,1,64
-13,1,64
-13,1,64
-13,1,64
-13,1,64
-13,1,64
-13,1,64
-14,1,64
-13,1,64
-13,1,64
-14,1,64
-14,1,64
-14,1,64
-13,1,64
-12,1,65
-12,1,65
-13,1,64
-14,1,64
-14,1,63
-13,1,64
-13,1,64
-14,1,64
-13,1,64
-12,1,64
-12,1,65
-13,1,65
-13,1,64
-13,1,64
-14,1,64
-15,1,64
-12,1,64
-15,2,63
-14,1,65
-14,0,65
-7,0,66
-4,0,67
-3,1,64
-8,0,60
-1,0,66
0,1,69
0,1,67
0,-1,61
1,-1,65
2,-2,66
-4,-3,59
0,-2,68
2,-3,70
2,-1,67
0,-2,61
3,-3,65
4,-4,68
6,-4,63
2,-4,62
3,-3,70
7,-4,68
8,-4,63
9,-4,66
11,-5,65
12,-5,63
12,-6,62
12,-6,63
10,-5,64
9,-5,65
10,-6,63
11,-6,61
9,-5,62
7,-4,67
9,-4,68
12,-4,65
13,-4,65
12,-3,56
24,1,55
9,7,71
-8,4,96
-3,5,83
-6,4,56
0,0,54
3,-2,60
3,-2,69
2,0,68
-1,2,65
-1,2,66
-2,2,66
-4,0,65
-2,0,65
1,1,65
3,1,66
4,1,66
2,1,66
-1,1,65
-2,1,65
-1,1,65
-1,1,65
-1,1,66
-1,1,66
-1,1,65
0,1,65
0,1,65
-1,1,65
-1,1,65
-1,1,65
0,1,65
0,1,65
0,1,65
0,1,65
-1,1,65
-1,1,65
-1,1,65
-1,1,65
0,1,66
-1,1,65
-1,1,65
-1,1,65
2,1,67
6,0,69
15,2,77
10,1,79
8,-6,75
-9,-11,62
-46,-33,54
-41,-22,54
-17,-19,47
-16,-17,45
-27,-9,36
-24,-3,32
-23,5,6
-1,26,29
-6,41,41
17,89,118
-46,63,127
-57,27,88
11,15,59
-3,18,41
-19,19,16
-21,22,20
-18,25,56
2,21,97
2,20,96
-23,21,84
-44,18,71
-23,10,59
-71,20,53
-73,23,57
-60,14,65
-67,1,50
-65,-12,37
-48,-27,38
-45,-34,49
-34,-28,28
-24,-24,21
-24,-33,7
-15,-31,9
-13,-28,10
-3,-30,9
1,-33,10
14,-38,12
30,-75,12
35,-46,12
39,-50,23
51,-55,21
88,-57,22
79,-56,21
52,-55,14
41,-56,12
33,-57,10
15,-58,7
8,-59,9
8,-62,9
14,-61,14
15,-59,19
14,-58,22
19,-58,22
26,-57,22
27,-58,26
24,-56,23
28,-58,26
26,-59,22
21,-61,18
19,-60,16
20,-60,18
24,-59,23
21,-58,23
18,-59,23
16,-59,25
15,-58,24
16,-60,22
15,-60,20
12,-60,19
13,-60,18
15,-61,18
16,-61,18
16,-61,18
17,-61,17
17,-61,17
17,-61,18
18,-60,20
19,-60,20
18,-60,20
17,-61,20
16,-60,20
17,-61,20
16,-61,20
16,-61,19
17,-61,21
16,-60,21
12,-60,22
12,-60,22
13,-60,23
15,-60,22
15,-60,22
17,-61,20
17,-60,19
17,-61,18
17,-61,15
18,-62,16
18,-62,16
18,-61,16
18,-61,17
17,-61,16
17,-61,15
16,-61,14
17,-61,15
15,-60,15
15,-60,14
22,-60,20
28,-59,23
30,-59,23
27,-59,21
25,-59,21
23,-58,21
16,-59,21
15,-59,20
13,-60,20
13,-60,22
13,-60,21
16,-59,21
18,-59,23
21,-58,24
22,-58,24
21,-59,23
18,-59,19
15,-59,19
22,-57,25
25,-58,26
23,-57,25
19,-57,25
18,-58,24
20,-59,24
18,-57,26
18,-57,27
18,-57,26
18,-57,25
22,-57,27
24,-57,25
25,-57,24
24,-58,21
24,-58,21
25,-58,24
22,-58,27
22,-59,27
18,-59,24
14,-59,21
7,-58,21
3,-59,22
3,-59,22
11,-59,24
14,-59,24
21,-58,26
27,-57,26
28,-56,25
33,-56,25
34,-56,25
32,-56,24
26,-57,22
27,-57,24
26,-57,25
29,-57,25
35,-58,27
29,-58,27
17,-57,23
6,-59,19
4,-60,19
3,-61,19
3,-61,19
1,-61,18
-3,-61,20
2,-60,24
7,-60,27
8,-60,26
10,-61,24
10,-62,23
11,-62,25
16,-60,32
15,-60,34
-2,-58,28
3,-58,27
5,-61,22
1,-63,16
3,-62,21
10,-60,29
8,-59,29
6,-60,27
3,-60,26
2,-60,25
1,-61,24
2,-62,19
5,-62,19
11,-61,24
12,-62,26
9,-60,27
9,-60,27
9,-60,28
3,-59,29
2,-59,29
2,-59,28
2,-60,24
3,-61,24
5,-61,24
5,-61,23
9,-60,27
7,-60,28
5,-59,28
5,-59,28
7,-60,25
8,-61,24
6,-60,24
6,-60,24
10,-61,26
13,-60,28
7,-60,26
12,-60,28
12,-60,28
7,-60,24
4,-62,23
-5,-60,22
1,-61,24
0,-62,22
2,-61,25
-2,-60,25
-6,-61,22
2,-59,31
3,-59,34
4,-57,38
-4,-56,37
-2,-58,30
3,-61,18
7,-61,20
10,-62,24
7,-61,23
7,-62,22
8,-61,25
9,-61,25
10,-61,26
9,-62,25
5,-60,27
6,-61,26
3,-61,22
4,-61,23
3,-60,21
2,-63,15
14,-63,19
10,-63,15
6,-65,4
10,-64,6
10,-65,5
3,-67,-11
8,-63,-5
26,-61,13
26,-60,15
32,-58,33
18,-54,58
-5,-58,22
12,-63,11
17,-63,16
7,-62,18
8,-61,21
12,-60,21
19,-62,20
20,-61,21
17,-63,17
14,-60,19
18,-60,22
13,-62,17
11,-63,15
11,-62,20
8,-62,18
4,-61,14
12,-61,21
18,-61,24
14,-60,15
15,-60,14
16,-61,11
14,-61,5
15,-61,4
22,-61,3
28,-60,2
30,-60,3
33,-57,7
33,-57,8
38,-58,7
40,-58,0
40,-59,-1
37,-58,-1
35,-58,0
29,-57,3
29,-57,3
29,-58,3
27,-59,5
26,-59,7
26,-58,11
26,-58,12
30,-58,13
30,-58,12
28,-57,13
27,-58,14
28,-58,14
27,-59,12
27,-59,13
27,-59,13
28,-58,17
27,-58,16
26,-58,16
26,-57,17
24,-57,16
26,-57,20
27,-57,21
27,-57,21
24,-57,22
22,-57,23
21,-57,22
19,-57,20
24,-57,20
27,-57,20
28,-57,21
26,-58,20
25,-58,20
24,-57,21
25,-58,22
24,-57,22
22,-58,21
21,-58,21
21,-58,20
22,-58,21
22,-58,21
23,-58,19
25,-58,18
26,-58,19
25,-58,19
25,-58,19
26,-58,18
25,-58,17
25,-59,18
25,-58,19
23,-58,19
22,-58,20
22,-58,20
24,-58,20
24,-58,20
23,-58,19
23,-58,19
23,-58,18
24,-58,18
25,-58,18
25,-58,18
27,-58,19
26,-58,19
23,-58,17
24,-58,19
26,-58,20
23,-58,16
21,-58,15
27,-58,16
32,-58,20
26,-57,18
25,-57,19
26,-58,19
25,-58,19
22,-58,18
23,-58,18
26,-58,18
26,-59,17
25,-58,18
23,-58,19
22,-58,19
24,-58,19
27,-58,20
26,-58,18
25,-58,17
25,-58,17
26,-57,20
24,-57,19
22,-58,19
23,-58,19
25,-58,20
24,-57,20
22,-57,19
24,-57,19
27,-57,19
28,-57,19
29,-58,18
28,-58,16
27,-57,19
23,-57,20
22,-56,21
23,-57,18
27,-57,15
35,-57,16
34,-58,17
30,-58,15
26,-59,14
24,-59,12
25,-60,11
22,-60,11
21,-59,11
24,-60,14
22,-59,13
21,-59,15
22,-60,16
23,-59,16
24,-59,16
24,-59,16
23,-59,16
22,-59,17
21,-59,17
22,-59,20
22,-58,22
22,-57,23
23,-57,24
24,-57,24
23,-57,23
23,-58,21
22,-58,19
23,-58,17
24,-58,18
25,-57,19
26,-57,21
28,-56,22
31,-56,23
31,-56,23
27,-56,20
26,-56,21
26,-56,21
27,-56,21
27,-56,23
27,-56,23
27,-56,23
26,-56,21
26,-56,21
27,-56,21
27,-57,20
27,-56,19
26,-56,19
27,-56,19
28,-56,20
28,-56,19
27,-56,19
28,-56,20
28,-56,21
28,-56,21
28,-56,20
28,-56,20
29,-56,19
29,-56,19
28,-56,20
27,-56,19
28,-56,20
28,-56,19
28,-56,19
28,-56,20
27,-56,19
26,-57,19
26,-56,19
27,-56,19
28,-56,20
27,-56,19
27,-56,20
27,-56,20
28,-56,20
28,-56,19
28,-56,19
28,-57,18
27,-57,18
28,-57,18
28,-57,19
27,-56,19
28,-57,19
27,-57,20
27,-56,20
26,-57,18
28,-57,18
28,-57,18
27,-57,18
26,-57,18
28,-57,19
29,-56,19
28,-56,19
28,-56,20
28,-56,21
27,-56,21
27,-56,20
27,-57,20
27,-56,19
27,-56,19
28,-56,19
27,-56,19
27,-56,19
28,-56,20
28,-56,19
27,-57,19
27,-57,21
28,-56,21
26,-56,21
26,-56,20
26,-56,20
28,-56,20
27,-56,19
27,-57,19
27,-57,19
27,-57,18
27,-57,19
28,-56,20
28,-56,21
29,-56,21
25,-57,18
25,-57,18
28,-57,17
32,-57,17
31,-58,16
27,-58,15
24,-59,14
22,-59,13
23,-59,14
23,-59,15
25,-58,15
33,-58,16
33,-57,17
27,-57,18
25,-57,17
24,-57,16
25,-58,16
26,-58,16
27,-58,16
27,-58,15
27,-58,13
28,-58,13
29,-58,13
29,-58,12
30,-58,13
29,-58,13
28,-58,12
28,-58,12
30,-58,12
29,-58,11
26,-58,9
30,-58,11
31,-57,11
32,-58,12
31,-57,12
30,-57,14
26,-58,13
24,-58,11
28,-58,14
28,-58,15
27,-57,18
28,-57,17
28,-57,17
27,-57,15
28,-58,15
29,-57,18
27,-57,16
25,-57,16
25,-57,17
27,-58,18
26,-57,18
26,-58,16
27,-58,17
28,-58,18
26,-58,16
24,-58,16
25,-58,16
28,-58,18
30,-57,21
29,-57,22
27,-57,21
23,-57,18
25,-58,18
26,-57,18
24,-57,17
24,-58,19
25,-57,19
27,-59,19
24,-57,19
23,-57,18
27,-58,19
26,-58,17
25,-58,17
24,-57,20
24,-57,20
27,-57,19
28,-57,20
27,-56,23
23,-57,20
22,-57,18
21,-57,18
21,-57,17
25,-56,17
36,-57,21
36,-56,21
30,-55,20
29,-56,20
28,-56,20
33,-55,23
32,-56,21
27,-56,20
26,-56,19
28,-56,18
29,-56,19
29,-56,19
27,-56,19
28,-56,20
27,-56,19
27,-56,20
27,-56,21
27,-56,20
28,-56,22
27,-56,20
28,-56,20
27,-56,21
26,-56,20
24,-56,16
26,-56,17
28,-56,19
30,-56,18
30,-56,18
31,-55,18
37,-54,25
32,-55,21
28,-55,20
23,-55,17
26,-56,18
34,-55,20
33,-55,19
31,-55,18
29,-55,18
30,-55,19
28,-56,19
27,-56,19
28,-56,19
30,-56,20
30,-56,20
31,-55,20
27,-56,19
28,-56,20
28,-56,20
28,-56,19
27,-56,19
28,-56,21
29,-55,21
27,-56,20
28,-56,21
29,-56,21
28,-56,21
27,-55,20
29,-55,23
29,-56,22
28,-56,21
29,-56,21
30,-56,20
27,-56,21
26,-56,21
25,-57,19
26,-56,23
25,-56,24
24,-56,24
24,-56,23
25,-56,22
26,-56,23
27,-57,23
27,-57,21
26,-56,21
25,-56,22
24,-55,23
24,-56,21
25,-56,21
26,-56,22
23,-57,20
22,-56,19
21,-57,18
32,-56,24
31,-57,22
27,-56,21
26,-56,21
30,-56,23
29,-56,23
27,-56,22
25,-56,19
27,-56,20
28,-57,20
27,-56,20
26,-56,20
26,-56,21
27,-56,21
27,-56,21
27,-56,21
26,-56,21
27,-56,21
28,-56,21
27,-56,22
28,-56,23
31,-56,25
26,-56,22
25,-56,21
25,-56,22
27,-56,23
26,-56,23
24,-56,20
23,-57,19
24,-57,20
25,-58,19
24,-57,20
23,-57,23
25,-57,22
26,-56,24
25,-57,23
25,-56,23
26,-56,23
25,-57,23
26,-57,23
25,-56,23
24,-57,22
25,-57,22
26,-57,23
26,-57,22
19,-59,13
15,-59,9
22,-60,11
26,-59,13
29,-59,14
30,-57,18
30,-57,20
30,-57,22
29,-57,23
24,-57,24
20,-57,22
20,-57,21
21,-57,24
22,-57,26
21,-57,25
22,-56,25
21,-56,27
23,-56,26
27,-56,27
27,-56,30
12,-56,22
10,-56,21
20,-56,25
28,-56,27
32,-55,25
14,-58,15
21,-58,16
32,-58,19
35,-57,19
34,-57,17
30,-57,19
28,-57,20
24,-57,22
23,-57,21
21,-57,18
26,-57,18
27,-57,19
30,-57,19
31,-58,19
26,-58,17
24,-58,17
23,-58,18
25,-59,18
25,-58,18
27,-59,17
31,-59,17
31,-59,18
34,-59,22
33,-60,20
32,-61,17
30,-60,14
27,-58,13
9,-52,11
-2,-51,8
-7,-43,1
-9,-37,-1
-6,-32,0
0,-11,15
5,-5,23
30,10,48
23,16,64
15,12,90
-20,19,127
-96,-9,118
-31,41,106
-47,7,50
-36,7,52
-15,2,53
1,1,59
-11,-2,58
-18,-7,59
-14,-7,61
-1,-8,70
5,-7,70
9,-5,63
10,-3,62
12,-3,63
19,-1,67
18,-1,67
17,-1,65
12,-1,64
10,-1,64
5,-2,65
5,-2,66
3,-2,65
7,-2,64
8,-2,65
11,-2,64
11,-2,64
11,-3,65
11,-3,65
10,-3,64
10,-3,64
8,-4,64
9,-3,65
8,-4,65
10,-2,64
10,-2,65
11,-2,65
13,-2,67
15,-2,66
13,-1,65
5,-1,65
1,-1,65
-8,-2,65
-16,-2,63
-19,-2,63
-22,-2,62
-22,-2,61
-20,-3,62
-16,-3,63
-14,-3,63
-12,-3,64
-12,-2,63
-8,-2,65
-10,-2,64
-9,-1,64
-10,-1,66
-10,0,68
-18,-1,63
-23,0,59
-26,-1,59
-25,-2,63
-22,-2,64
-16,-1,64
-17,-2,64
-18,-3,62
-11,-3,60
-13,-4,59
-17,-5,59
-18,-5,56
-14,0,60
-18,5,66
-14,9,69
-7,11,67
-8,12,68
-9,15,71
-13,14,69
-16,12,65
-27,7,58
-28,8,54
-11,8,57
-9,14,72
-12,15,80
-10,14,68
-21,14,64
-23,11,58
-13,9,60
-7,7,63
-8,5,65
-11,5,62
-10,6,63
-8,7,64
-9,9,66
-12,11,68
-10,10,69
-3,9,66
0,7,62
-1,5,63
-5,3,65
-5,2,65
-6,2,63
-8,2,63
-8,4,65
-8,6,66
-8,6,66
-9,6,65
-10,5,64
-10,5,64
-10,4,64
-10,4,64
-9,3,64
-8,3,64
-8,3,64
-8,3,64
-8,3,65
-8,3,65
-8,4,65
-8,5,65
-7,5,66
-8,5,65
-8,5,64
-9,6,64
-10,5,65
-9,5,65
-9,5,65
-8,5,65
-8,5,65
-8,4,65
-9,4,64
-9,4,64
-9,4,65
-9,4,65
-9,4,65
-9,4,65
-9,4,65
-9,4,65
-9,4,65
-9,5,64
-9,5,65
-9,5,65
-8,5,65
-8,5,65
-9,5,65
-9,4,65
-9,4,65
-8,4,65
-8,4,65
-8,4,65
-9,4,65
-9,4,65
-9,4,64
-9,4,65
-9,4,64
-9,5,64
-9,5,65
-9,4,65
-9,4,64
-9,4,64
-9,4,65
-9,4,65
-9,4,64
-9,5,64
-9,4,65
-9,3,65
-9,3,65
-9,5,65
-9,5,65
-10,4,65
-9,4,64
-9,4,64
-9,5,65
-10,5,65
-10,5,65
-9,4,65
-9,4,65
-9,4,66
-9,4,67
-9,5,66
-8,4,67
-8,4,69
-14,5,64
-14,3,63
-16,4,63
-17,2,63
-18,2,61
-23,0,60
-27,-1,61
-28,-1,57
-27,-4,56
-25,-3,58
-29,-4,61
-26,-3,61
-26,-2,56
-30,-2,59
-30,-3,59
-31,-2,57
-33,-2,58
-32,-1,59
-28,0,59
-28,0,60
-26,-1,60
-25,-1,60
-24,-1,61
-24,-2,61
-25,-2,61
-24,-2,61
-26,-2,60
-25,-2,61
-25,-2,61
-25,-2,60
-25,-1,60
-25,-1,60
-25,-1,62
-24,-1,61
-24,-1,61
-25,-1,61
-24,-1,61
-24,-1,61
-24,-1,61
-24,-1,61
-24,-1,61
-24,-1,61
-24,-1,61
-24,-1,61
-24,-1,61
-24,-1,62
-24,-1,61
-24,-1,61
-24,-1,61
-24,-1,61
-24,-1,60
-25,-1,60
-25,-2,60
-25,-2,60
-26,-1,60
-25,-1,61
-23,-1,62
-23,-1,61
-24,-1,62
-23,-1,61
-25,-2,61
-24,-2,60
-26,-2,60
-26,-1,60
-28,-1,60
-26,-1,62
-27,0,61
-23,-1,59
-21,-2,62
-22,-2,62
-22,-3,60
-23,-3,62
-23,-2,62
-25,-1,62
-25,-1,61
-25,-1,61
-25,-1,61
-24,-1,61
-24,-1,60
-24,-2,59
-25,-1,61
-25,-1,62
-23,-2,62
-24,-2,61
-23,-2,61
-24,-1,63
-24,-2,62
-23,-1,59
-23,-2,58
-23,-1,58
-27,0,62
-28,0,63
-24,1,64
-21,1,63
-21,0,61
-22,0,61
-22,-1,61
-23,-1,61
-24,-1,61
-25,-1,61
-25,0,60
-24,0,61
-23,0,61
-23,0,62
-23,0,62
-23,0,62
-22,0,62
-23,-1,61
-23,-1,61
-23,0,61
-23,0,61
-23,0,61
-23,0,62
-23,0,61
-23,0,61
-23,0,61
-23,0,62
-23,0,61
-23,0,61
-23,0,61
-23,0,61
-23,0,62
-22,0,62
-21,0,62
-21,0,63
-20,0,62
-19,0,63
-19,0,63
-20,0,62
-20,0,62
-19,0,63
-19,0,63
-20,0,63
-20,0,63
-19,0,62
-19,0,63
-19,0,63
-19,0,63
-19,0,63
-19,0,63
-19,0,63
-19,0,63
-20,0,63
-19,0,63
-18,0,63
-18,0,63
-19,0,63
-19,0,63
-19,0,63
-19,0,63
-19,0,63
-18,0,63
-18,0,63
-18,0,63
-19,0,63
-18,0,63
-18,0,62
-18,0,63
-19,0,62
-18,1,63
-18,0,63
-18,0,63
-18,0,63
-18,0,63
-18,0,63
-17,0,63
-17,1,63
-17,0,63
-18,1,63
-18,0,63
-18,0,63
-17,0,63
-18,0,63
-17,0,63
-17,0,63
-17,0,63
-17,0,63
-17,0,63
-17,0,63
-17,0,63
-17,0,63
-17,0,63
-17,0,64
-16,0,64
-16,0,64
-17,0,63
-17,0,63
-17,-1,63
-17,-1,63
-17,-1,63
-16,0,63
-17,0,63
-16,0,64
-16,0,64
-16,0,63
-16,0,64
-16,0,64
-16,0,64
-16,0,64
-16,0,63
-16,0,63
-16,0,63
-16,0,63
-16,0,63
-16,0,64
-16,0,63
-16,0,64
-16,0,64
-16,0,63
-16,0,64
-16,0,64
-16,0,64
-16,0,63
-16,0,64
-16,0,64
-16,0,64
-16,0,63
-16,0,64
-16,0,63
-16,0,64
-16,0,64
-16,0,64
-16,0,64
-16,0,64
-16,0,63
-16,0,64
-16,0,64
-16,0,64
-16,0,64
-16,0,64
-16,0,64
-16,0,63
-16,0,64
-15,0,64
-16,0,64
-15,0,64
-16,0,63
-16,0,63
-16,-1,64
-16,0,64
-16,0,63
-16,0,63
-16,0,63
-16,0,64
-15,0,64
-16,0,64
-15,0,64
-15,-1,64
-15,0,64
-16,0,64
-16,0,63
-16,0,64
-16,0,64
-15,0,64
-15,0,63
-16,0,63
-16,0,64
-15,0,64
-16,0,64
-15,0,63
-15,0,63
-16,0,64
-16,0,64
-15,0,64
-16,0,64
-15,0,64
-15,0,64
-16,0,64
-15,0,64
-16,0,64
-16,-1,63
-15,-1,64
-15,0,64
-15,-1,64
-15,0,64
-16,0,64
-16,0,63
-15,0,64
-15,0,64
-15,0,64
-15,0,64
-15,0,64
-15,-1,64
-15,0,64
-15,0,63
-15,0,64
-15,0,64
-15,-1,64
-15,0,64
-16,0,63
-15,-1,64
-15,0,64
-15,-1,63
-15,0,64
-15,0,64
-15,-1,64
-15,0,64
-15,-1,64
-15,-1,64
-15,-1,64
-15,-1,64
-15,0,64
-15,0,63
-15,0,64
-15,0,64
-15,-1,64
-15,0,64
-15,0,64
-15,0,64
-15,-1,64
-15,-1,64
-15,0,64
-15,-1,64
-15,-1,64
-15,-1,64
-15,-1,64
-15,-1,64
-15,0,64
-15,0,64
-15,0,63
-15,-1,64
-15,-1,64
-15,-1,64
-15,-1,64
-15,-1,63
-15,-1,63
-15,-1,64
-15,-1,64
-15,-1,64
-15,0,64
-15,0,64
-15,-1,64
-15,-1,64
-15,0,64
-15,0,64
-15,-1,64
-15,-1,64
-15,0,64
-15,-1,64
-15,-1,64
-15,-1,64
-15,0,64
-15,-1,64
-15,-1,64
-15,0,64
-15,-1,64
-15,0,64
-15,-1,64
-15,-1,64
-15,-1,64
-16,0,64
-15,-1,64
-15,0,64
-15,0,64
-15,-1,64
-15,0,64
-15,-1,64
-15,0,64
-15,-1,64
-15,-1,64
-15,-1,63
-15,-1,64
-15,-1,64
-15,-1,64
-15,-1,64
-15,0,64
-15,-1,64
-15,-1,64
-15,-1,64
-15,-1,64
-15,-1,63
-15,-1,64
-15,-1,64
-15,-1,63
-15,0,64
-15,-1,64
-15,-1,64
-15,-1,64
-15,-1,64
-15,-1,64
-15,-1,63
-16,-1,64
-15,0,64
-15,-1,63
-15,0,64
-15,0,64
-15,-1,64
-15,-1,64
-15,-1,64
-15,-1,64
-15,-1,64
-15,-1,64
-15,-1,63
-15,0,64
-15,-1,64
-15,-1,64
-15,-1,63
-15,-1,64
-15,-1,64
-15,0,64
-15,-1,64
-15,-1,64
-15,-1,64
-15,0,64
-15,-1,64
-15,-1,64
-15,-1,64
-15,-1,64
-15,-1,64
-15,-1,64
-15,0,64
-15,0,63
-15,-1,64
-15,-1,64
-15,0,64
-15,-1,64
-15,0,64
-15,0,64
-15,-1,64
-15,-1,63
-15,-1,63
-15,-1,64
-15,-1,64
-15,0,64
-15,-1,64
-15,-1,64
-15,-1,64
-15,-1,64
-15,0,64
-15,-1,64
-15,0,64
-15,0,64
-15,-1,64
-15,-1,64
-15,-1,64
-15,-1,64
-15,-1,64
-15,-1,64
-15,-1,63
-15,0,64
-15,0,64
-15,-1,64
-15,-1,64
-15,0,64
-15,-1,64
-15,-1,64
-15,-1,64
-15,-1,64
-16,-1,63
-15,0,64
-15,0,64
-15,0,64
-15,0,64
-15,0,64
-15,0,64
-15,-1,63
-15,-1,64
-15,-1,64
-14,-1,64
-14,-1,64
-14,-1,64
-14,-1,64
-14,-1,64
-14,-1,64
-14,-1,64
-15,-1,64
-15,-1,64
-15,-1,64
-15,-2,63
-15,-1,63
-15,-1,64
-15,-1,64
-15,-1,64
-15,-1,64
-15,-1,64
-14,-1,64
-14,-1,64
-14,-1,64
-14,-1,64
-15,-1,64
-15,-1,64
-15,-1,64
-15,-1,64
-15,-1,64
-15,-1,63
-15,-1,63
-15,-1,64
-15,-1,64
-15,-1,64
-15,-1,64
-15,-1,64
-15,-1,63
-15,-1,64
-14,-1,64
-14,-1,64
-14,-1,64
-14,-2,64
-15,-2,64
-15,-2,64
-15,-2,63
-15,-1,64
-15,0,64
-15,1,64
-15,1,64
-15,1,64
-16,-1,63
-17,-2,62
-17,-3,62
-14,-3,64
-13,-4,64
-13,-3,65
-13,-1,66
-13,0,65
-14,1,64
-14,1,64
-14,2,64
-15,3,64
-15,3,64
-14,2,64
-15,1,64
-15,0,64
-14,-1,64
-14,-2,64
-14,-3,63
-14,-3,64
-14,-3,63
-14,-2,64
-14,-2,64
-14,-1,64
-14,-1,64
-14,0,64
-15,1,64
-15,1,64
-16,1,63
-16,1,63
-15,1,63
-14,0,64
-14,0,63
-14,-2,64
-14,-2,64
-14,-3,64
-13,-3,65
-13,-2,65
-12,-1,64
-13,0,64
-14,0,64
-14,1,64
-15,1,64
-15,2,64
-16,1,64
-15,1,64
-15,0,64
-15,-1,64
-14,-1,64
-14,-1,63
-13,-2,64
-14,-3,64
-14,-3,64
-14,-2,64
-14,-2,63
-15,-1,64
-14,1,64
-14,1,64
-14,1,63
-15,2,63
-19,-1,61
-16,-1,66
-10,0,69
-12,1,63
-12,1,64
-12,0,64
-15,-1,65
-15,-1,65
-14,-1,64
-14,-1,64
-16,-1,63
-15,0,63
-15,0,64
-15,0,64
-16,0,63
-16,-1,63
-16,-1,63
-15,-2,63
-15,-1,64
-14,-1,65
-14,0,64
-14,-1,64
-14,0,64
-14,0,64
-14,-1,64
-14,0,65
-14,-1,64
-14,-1,64
-14,-2,63
-15,-3,63
-16,-3,63
-15,-1,63
-15,-1,64
-15,0,64
-14,-1,64
-14,-1,64
-14,-1,64
-14,-1,64
-15,-2,64
-16,-1,63
-16,-1,65
-15,0,64
-15,0,64
-14,-1,63
-15,-1,63
-15,-2,64
-15,-2,63
-15,-2,64
-15,-1,64
-15,-1,64
-15,-1,63
-14,-1,64
-15,-1,64
-15,-1,64
-16,-1,64
-16,0,65
-14,1,65
-13,1,64
-14,-1,64
-14,-2,63
-15,-4,62
-16,-4,62
-16,-4,62
-16,-3,63
-17,-2,63
-15,1,66
-15,2,67
-13,2,64
-16,3,61
-19,1,65
-14,2,67
-13,1,65
-14,0,64
-13,-1,64
-13,-2,64
-14,-5,64
-15,-7,64
-16,-7,62
-17,-4,60
-16,-2,61
-17,0,61
-17,1,62
-19,2,64
-20,2,65
-19,2,64
-18,1,64
-17,1,64
-15,-1,64
-14,-2,64
-14,-3,64
-14,-3,64
-14,-3,63
-15,-3,63
-16,-1,63
-17,0,64
-17,1,64
-17,1,64
-16,1,64
-16,1,64
-16,1,64
-16,0,63
-16,-1,63
-16,-1,64
-16,-2,64
-15,-2,64
-16,-2,63
-16,-2,64
-15,-1,64
-15,-1,64
-15,0,63
-16,0,64
-16,0,64
-16,1,63
-16,1,64
-16,1,64
-15,0,64
-15,0,64
-16,-1,64
-16,-2,64
-16,-2,63
-15,-2,64
-15,-1,64
-15,-1,64
-15,0,64
-15,0,63
-16,0,64
-16,0,64
-16,0,63
-16,0,63
-16,0,64
-16,0,64
-16,0,64
-16,0,63
-15,-1,64
-15,-1,64
-15,-1,64
-15,-1,64
-15,-1,63
-15,-1,64
-15,0,64
-15,-1,64
-16,-1,64
-16,0,63
-16,0,63
-16,0,64
-16,0,63
-16,-1,64
-16,-1,64
-16,-1,64
-15,-1,64
-15,-1,64
-15,0,64
-15,-1,64
-16,-1,63
-16,-1,63
-16,-1,64
-16,-1,64
-16,-1,64
-15,-1,64
-16,-1,64
-16,-1,64
-16,-1,64
-15,-1,63
-15,-1,63
-15,-1,64
-16,-1,64
-16,-1,64
-15,-1,64
-16,-1,63
-16,-1,63
-16,-1,64
-16,-1,64
-16,-1,63
-16,-1,64
-16,-1,64
-15,-1,64
-15,-1,64
-16,-1,64
-16,-1,64
-15,-1,63
-16,-1,64
-15,-1,64
-15,-1,64
-16,-1,63
-16,-1,63
-16,-1,64
-16,-1,64
-16,-1,64
-16,-1,63
-16,-1,64
-16,-1,64
-16,-1,63
-15,-1,63
-16,-1,63
-16,-1,64
-16,-1,64
-15,-1,64
-15,-1,63
-16,-1,64
-16,-1,64
-15,-1,64
-15,-1,64
-16,-1,63
-16,-1,64
-16,-1,64
-16,-1,63
-16,-1,64
-16,-1,64
-16,-1,64
-16,-1,64
-16,-1,63
-16,-1,64
-16,-1,64
-16,-1,64
-16,0,63
-15,-1,64
-16,-1,64
-16,-1,64
-16,-1,63
-16,-1,63
-15,-1,64
-15,-1,64
-16,-1,64
-16,0,64
-16,-1,63
-16,-1,64
-16,-1,64
-16,-1,64
-16,-1,64
-16,-1,63
-16,-1,64
-16,-1,64
-16,-1,64
-16,-1,64
-16,-1,64
-16,-1,64
-15,-1,64
-16,-1,64
-16,-1,64
-16,-1,64
-15,-1,63
-16,-1,63
-16,-1,64
-16,-1,64
-16,-1,64
-16,-1,63
-16,-1,64
-15,-1,64
-16,-1,64
-16,-1,63
-16,-1,64
-16,-1,64
-16,-1,63
-16,-1,64
-16,-1,64
-16,-1,63
-16,-1,64
-16,-1,64
-16,-1,64
-16,-1,63
-15,-1,64
-15,-1,64
-15,-1,64
-15,-1,63
-16,-1,63
-15,-1,64
-16,-1,63
-16,-1,63
-16,-1,63
-16,-1,64
-15,-1,64
-16,-1,63
-16,-1,63
-16,-1,63
-15,-1,64
-16,-1,63
-16,-1,63
-15,-1,64
-15,-1,64
-16,-1,64
-16,-1,64
-16,-1,63
-16,-1,64
-16,-1,64
-15,-1,64
-15,-1,64
-16,-1,64
-15,-1,64
-16,-1,64
-16,-1,64
-15,-1,63
-16,-1,64
-15,-1,64
-16,-1,64
-16,-1,63
-16,-1,63
-15,-1,64
-16,-1,64
-16,-1,64
-16,-1,64
-16,-1,64
-15,-1,64
-16,-1,64
-16,-1,63
-15,-1,64
-15,-1,64
-16,-1,64
-16,-1,64
-16,-1,64
-15,-1,64
-16,-1,64
-16,-1,64
-16,-1,64
-16,-1,64
-16,-1,63
-15,-1,64
-15,-1,64
-16,-1,63
-16,-1,64
-16,-1,64
-16,-1,63
-16,-1,63
-16,-1,64
-16,-1,64
-15,-1,64
-15,0,64
-16,-1,64
-16,-1,64
-16,-1,64
-15,-1,64
-16,-1,64
-15,-1,64
-15,-1,64
-16,-1,64
-16,-1,63
-16,-1,63
-16,0,63
-16,0,63
-16,0,64
-15,-1,64
-15,-1,64
-15,-1,64
-14,-1,64
-14,-1,64
-15,-1,64
-15,-1,64
-15,-1,64
-15,0,63
-16,-1,64
-16,-1,64
-16,0,63
-15,-1,63
-16,0,63
-15,-1,64
-15,-1,64
-15,-1,64
-15,-1,64
-15,-1,64
-15,-1,63
-15,-1,64
-15,-1,64
-15,-1,64
-15,-1,64
-15,-1,64
-15,-1,63
-15,-1,63
-15,-1,64
-15,-1,64
-15,-1,63
-16,-1,64
-16,-1,64
-16,-1,63
-15,-1,64
-15,-1,64
-15,-1,64
-15,-1,64
-15,-1,64
-16,-1,64
-15,-1,64
-15,-1,64
-15,-1,63
-16,-1,64
-15,-1,64
-15,-1,64
-15,0,64
-15,-1,64
-16,-1,63
-16,-1,63
-16,-1,64
-15,-1,64
-15,-1,64
-15,-1,64
-15,-1,64
-15,-1,63
-15,-1,64
-15,-1,64
-16,-1,64
-16,-1,63
-16,-1,64
-15,-1,64
-15,-1,63
-15,-1,64
-15,-1,64
-15,-1,64
-15,-1,63
-15,-1,64
-15,-1,64
-15,-1,64
-15,-1,64
-15,-1,64
-15,-1,64
-16,-1,64
-16,-1,63
-16,-1,64
-16,-1,63
-15,-1,64
-16,-1,64
-16,-1,64
-15,-1,64
-15,-1,64
-15,-1,64
-15,-1,64
-16,-1,63
-15,-1,64
-15,-1,64
-15,-1,64
-15,-1,64
-16,-1,63
-16,-1,64
-15,-1,64
-15,-1,64
-16,-1,64
-16,-1,63
-16,-1,64
-15,-1,64
-15,-1,64
-15,-1,64
-15,-1,64
-16,-1,63
-15,-1,64
-15,-1,64
-15,-1,64
-16,-1,63
-16,-1,64
-15,-1,64
-16,-1,63
-16,-1,64
-16,-1,64
-15,-1,63
-16,-1,64
-16,-1,64
-16,-1,64
-15,-1,63
-15,-1,64
-15,-1,64
-15,-1,64
-16,-1,63
-16,-1,64
-16,-1,64
-15,-1,64
-16,-1,63
-16,-1,64
-16,-1,64
-16,-1,63
-16,-1,64
-15,-1,64
-15,-1,64
-16,-1,64
-15,-1,64
-15,-1,64
-16,-1,64
-15,-1,64
-16,-1,64
-16,-1,63
-15,-1,64
-15,-1,64
-16,-1,64
-16,-1,63
-16,-1,64
-15,-1,64
-15,-1,64
-16,-1,63
-16,-1,63
-15,-1,64
-15,-1,64
-15,-1,64
-15,-1,64
-15,-1,64
-15,-1,64
-16,-1,64
-16,-1,64
-15,-1,64
-15,-1,63
-15,-1,64
-16,-1,63
-16,-1,64
-16,-1,64
-16,-1,64
-15,-1,63
-16,-1,64
-15,-1,64
-15,-1,64
-15,-1,64
-15,-1,64
-15,-1,64
-15,-1,64
-15,-1,64
-15,-1,63
-15,-1,64
-15,-1,64
-15,-1,64
-15,-1,64
-15,-1,64
-16,-1,64
-16,-1,63
-16,-1,64
-16,-1,63
-16,-1,64
-15,-1,64
-15,-1,64
-15,-1,64
-15,-1,64
-15,-1,63
-15,-1,64
-15,-1,64
-15,-1,64
-15,-1,63
-15,-1,63
-16,-1,64
-15,-1,64
-15,-1,64
-16,-1,64
-16,-1,64
-16,-1,63
-15,-1,64
-15,-1,64
-16,-1,64
-16,-1,64
-16,-1,64
-15,-1,64
-16,-1,64
-15,-1,64
-15,-1,64
-15,-1,64
-15,-1,63
-16,-1,63
-15,-1,64
-16,-1,64
-16,-1,64
-15,-1,64
-15,-1,64
-15,-1,64
-16,-1,64
-15,-1,64
-15,-1,64
-15,-1,64
-16,-1,64
-16,-1,64
-15,-1,64
-15,-1,64
-16,-1,64
-16,-1,64
-15,-1,64
-15,-1,64
-16,-1,64
-16,-1,63
-15,-1,64
-15,-1,64
-15,-1,63
-16,-1,64
-16,-1,63
-16,-1,63
-16,-1,64
-16,-1,64
-15,-1,64
-16,-1,63
-16,-1,63
-15,-1,64
-16,-1,63
-16,-1,64
-15,-1,64
-15,-1,63
-16,-1,64
-16,-1,63
-15,-1,64
-15,-1,64
-15,-1,64
-16,-1,64
-15,-1,64
-16,-1,63
-16,-1,64
-16,-1,64
-16,-1,64
-15,-1,64
-16,-1,64
-16,-1,63
-15,-1,64
-16,-1,63
-15,-1,64
-16,-1,63
-16,-1,63
-16,-1,64
-16,-1,64
-15,-1,64
-16,-1,64
-16,-1,64
-16,-1,64
-15,-1,64
-15,-1,64
-16,-1,64
-15,-1,64
-15,-1,64
-15,-1,64
-16,-1,64
-15,-1,64
-16,-1,63
-16,-1,63
-16,-1,64
-15,-1,64
-16,-1,64
-15,-1,64
-16,-1,64
-15,-1,63
-15,-1,63
-16,-1,64
-15,-1,64
-16,-1,63
-16,-1,63
-16,-1,64
-15,-1,64
-15,-1,64
-16,-1,63
-16,-1,64
-15,-1,64
-15,-1,64
-16,-1,63
-16,-1,63
-16,-1,63
-15,-1,64
-15,-1,64
-16,-1,64
-16,-1,64
-16,-1,64
-16,-1,64
-16,-1,64
-15,-1,64
-15,-1,64
-16,-1,64
-16,-1,64
-16,-1,64
-15,-1,64
-16,-1,64
-16,-1,64
-16,-1,63
-16,-1,64
-15,-1,64
-16,-1,64
-16,-1,63
-16,-1,64
-16,-1,63
-15,-1,64
-16,-1,64
-15,-1,64
-16,-1,64
-16,-1,64
-16,-1,64
-15,-1,63
-15,-1,64
-15,-1,64
-16,-1,63
-16,-1,64
-15,-1,64
-17,-1,63
-15,-1,64
-15,-1,64
-15,-1,64
-15,-1,64
-16,-1,64
-16,-1,63
-16,-1,64
-15,-1,63
-16,-1,64
-16,-1,64
-15,-1,64
-16,-1,63
-16,-1,63
-16,-1,64
-15,-1,64
-15,-1,64
-16,-1,63
-16,-1,64
-15,-1,64
-15,-1,64
-16,-1,63
-15,-1,64
-16,-1,63
-16,-1,64
-16,-1,63
-16,-1,64
-16,-1,64
-15,-1,64
-16,-1,63
-16,-1,64
-15,-1,64
-15,-1,63
-16,-1,64
-16,-1,63
-16,-1,63
-16,-1,64
-15,-1,64
-15,-1,64
-15,-1,64
-16,-1,63
-15,-1,64
-15,-1,64
-16,-1,63
-16,-1,63
-15,-1,64
-15,-1,64
-15,-1,64
-16,-1,63
-16,-1,64
-15,-1,63
-16,-1,64
-15,-1,64
-15,-1,64
-15,-1,64
-16,-1,63
-16,-1,64
-15,-1,64
-15,-1,63
-16,-1,64
-16,0,64
-16,-1,63
-16,-1,64
-15,-1,64
-15,-1,64
-16,-1,64
-16,-1,64
-15,-1,64
-15,-1,64
-16,-1,64
-16,-1,64
-15,-1,64
-15,-1,64
-15,-1,64
-16,0,64
-15,-1,64
-16,-1,64
-16,-1,63
-16,-1,63
-16,-1,64
-16,-1,63
-16,-1,64
-16,-1,64
-15,-1,63
-15,-1,63
-16,-1,64
-15,-1,64
-15,0,64
-15,-1,64
-15,-1,64
-16,-1,64
-15,-1,63
-16,-1,64
-15,-1,64
-15,-1,64
-16,-1,63
-16,-1,63
-16,-1,64
-15,-1,64
-15,-1,64
-15,0,64
-16,-1,64
-15,-1,64
-16,-1,64
-16,-1,64
-15,-1,64
-15,-1,64
-15,-1,64
-15,-1,64
-15,-1,64
-16,-1,64
-16,-1,64
-16,-1,64
-15,-1,63
-16,-1,63
-16,-1,64
-15,0,64
-15,0,64
-16,0,63
-16,-1,63
-15,-1,64
-15,-1,64
-16,-1,64
-15,-1,64
-15,-1,64
-16,-1,64
-16,0,64
-15,-1,64
-15,-1,64
-15,-1,63
-16,-1,63
-16,-1,64
-15,-1,64
-15,-1,64
-15,-1,64
-16,-1,63
-16,0,64
-15,-1,64
-15,0,64
-15,-1,64
-15,-1,63
-16,-1,64
-16,0,64
-16,0,64
-16,-1,64
-15,-1,64
-15,-1,63
-16,-1,63
-15,-1,64
-15,-1,64
-15,-1,64
-15,-1,64
-16,-1,64
-15,-1,64
-15,-1,64
-15,-1,64
-15,-1,64
-15,-1,64
-15,-1,64
-15,-1,63
-15,-1,64
-16,-1,64
-16,0,64
-15,-1,64
-15,-1,64
-16,-1,64
-15,-1,64
-15,-1,63
-15,-1,64
-15,-1,64
-15,0,63
-15,-1,63
-15,-1,64
-15,-1,64
-15,-1,64
-15,-1,64
-15,-1,64
-15,-1,64
-15,-1,63
-15,-1,64
-16,-1,63
-16,-1,64
-15,-1,64
-15,-1,63
-16,-1,64
-16,-1,64
-15,0,63
-15,-1,64
-16,-1,64
-15,-1,64
-16,-1,64
-16,-1,64
-16,-1,64
-15,-1,64
-15,-1,64
-16,-1,63
-16,-1,64
-15,-1,64
-15,-1,64
-16,-1,64
-16,0,64
-16,-1,64
-16,-1,64
-15,-1,64
-16,-1,64
-15,-1,64
-15,-1,63
-15,-1,63
-15,-1,64
-16,-1,64
-16,0,64
-15,0,64
-15,-1,64
-15,-1,64
-15,-1,63
-15,-1,64
-16,-1,64
-15,-1,64
-15,-1,64
-16,-1,64
-16,-1,63
-16,-1,64
-16,-1,64
-12,-1,65
-14,0,64
-15,-1,63
-14,-1,63
-15,-1,64
-15,-1,63
-15,-1,64
-15,-1,64
-15,-1,64
-15,-1,64
-15,-1,64
-15,-1,64
-15,-1,64
-15,-1,64
-15,-1,64
-15,-1,64
-15,-1,64
-15,-1,63
-15,-1,64
-15,-1,64
-15,-1,64
-15,-1,63
-15,-1,64
-15,-1,64
-15,-1,64
-15,-1,64
-15,-1,63
-15,-1,64
-15,-1,64
-15,-1,63
-15,-1,63
-15,-1,64
-15,-1,63
-15,-1,64
-15,-1,64
-15,-1,64
-15,-1,64
-15,-1,64
-15,-1,63
-15,-1,64
-15,-1,64
-15,-1,64
-15,-1,63
-15,-1,63
-15,-1,64
-15,-1,64
-15,-1,64
-15,-1,64
-15,-1,64
-15,-1,64
-15,-1,63
-15,-1,63
-15,-1,64
-15,-1,64
-15,-1,63
-15,-1,64
-15,-1,64
-15,-1,64
-15,-1,64
-15,-1,64
-15,-1,64
-15,-1,64
-15,-1,64
-16,-1,63
-15,-1,64
-15,-1,63
-15,-1,64
-15,-1,64
-15,-1,64
-15,-1,64
-15,-1,64
-15,-1,64
-15,-1,64
-15,-1,64
-15,-1,64
-15,-1,64
-15,-1,64
-15,-1,63
-15,-1,63
-15,-1,64
-15,-1,64
-15,-1,64
-15,-1,64
-15,-1,64
-15,-1,64
-15,-1,64
-15,-1,63
-15,-1,64
-15,-1,64
-15,-1,64
-15,-1,63
-15,-1,64
-15,-1,63
-15,-1,64
-15,-1,64
-15,-1,64
-15,-1,64
-15,-1,64
-15,-1,64
-15,-1,64
-15,-1,64
-15,-1,63
-15,-1,64
-15,-1,64
-15,-1,64
-15,-1,64
-15,-1,64
-15,-1,64
-15,-1,64
-15,-1,64
-15,-1,64
-15,-1,64
-15,-1,64
-15,0,64
-15,-1,64
-15,-1,64
-15,-1,64
-15,-1,63
-15,-1,64
-15,-1,64
-15,-1,64
-15,-1,64
-15,-1,64
-15,-1,64
-15,-1,64
-15,-1,63
-15,-1,64
-15,-1,64
-15,-1,64
-15,-1,64
-15,-1,64
-15,-1,64
-15,-1,64
-15,-1,64
-15,-1,63
-16,-1,64
-15,-1,64
-14,-1,64
-15,-1,64
-15,-1,64
-15,-1,64
-15,-1,64
-15,-1,63
-15,-1,64
-15,-1,64
-15,-1,64
-15,-1,64
-15,-1,63
-15,-1,64
-15,-1,64
-15,-1,64
-15,-1,64
-15,-1,64
-15,-1,64
-15,-1,64
-15,-1,64
-15,-1,64
-15,-1,64
-15,-1,63
-15,-1,64
-15,-1,64
-15,-1,64
-15,-1,64
-15,-1,64
-15,-1,63
-15,-1,64
-15,-1,64
-15,-1,64
-15,-1,64
-15,-1,64
-15,-1,64
-15,-1,64
-15,-1,64
-15,-1,64
-15,-1,64
-15,-1,64
-15,-1,64
-15,-1,64
-15,-1,64
-15,-1,64
-15,-1,64
-15,-1,64
-15,-1,64
-15,-1,64
-15,0,64
-15,-1,64
-15,-1,64
-15,-1,64
-15,-1,64
-15,-1,64
-15,-1,63
-15,-1,64
-15,-1,64
-15,-1,64
-15,-1,64
-15,-1,64
-15,-1,64
-15,-1,64
-15,-1,64
-15,-1,64
-15,-1,63
-15,-1,64
-15,-1,64
-15,-1,64
-15,-1,64
-15,-1,64
-15,-1,64
-15,-1,64
-15,-1,64
-15,-1,64
-15,-1,64
-15,-1,64
-15,-1,64
-15,-1,64
-15,-1,64
-15,-1,64
-15,-1,64
-15,-1,64
-15,-1,64
-15,-1,63
-15,-1,64
-15,-1,64
-15,-1,64
-15,-1,64
-15,-1,64
-15,-1,64
-15,0,63
-15,-1,64
-15,-1,64
-15,-1,64
-15,0,64
-15,-1,64
-15,-1,64
-15,-1,64
-15,-1,64
-15,-1,64
-15,-1,64
-14,-1,64
-15,0,64
-15,-1,64
-15,-1,64
-15,-1,64
-15,0,64
-15,-1,64
-15,-1,64
-15,-1,64
-15,0,64
-15,-1,64
-15,-1,63
-15,-1,64
-15,-1,64
-15,0,64
-15,-1,64
-15,-1,64
-15,-1,64
-15,-1,64
-15,-1,64
-15,-1,64
-15,-1,64
-15,0,64
-15,0,64
-15,-1,63
-15,-1,64
-15,-1,63
-15,0,64
-15,0,64
-15,-1,64
-15,-1,64
-15,0,64
-15,0,64
-15,-1,64
-15,-1,64
-15,-1,64
-15,0,64
-15,-1,64
-15,-1,64
-15,-1,64
-15,-1,64
-15,-1,64
-15,0,64
-15,0,64
-15,0,64
-15,-1,64
-15,-1,64
-15,-1,64
-15,-1,64
-15,-1,64
-15,-1,64
-15,-1,64
-15,-1,64
-15,0,64
-15,-1,64
-15,0,64
-15,0,64
-15,-1,64
-15,0,64
-15,0,64
-15,-1,64
-15,0,64
-15,-1,63
-15,-1,64
-15,0,64
-15,0,64
-15,-1,64
-15,0,64
-15,0,64
-15,0,64
-15,-1,64
-15,-1,64
-15,0,64
-15,0,64
-15,-1,64
-15,-1,64
-15,-1,64
-15,0,64
-15,-1,64
-15,0,64
-15,-1,64
-15,0,64
-15,0,64
-15,0,64
-15,0,64
-15,-1,64
-15,-1,63
-15,0,64
-15,0,64
-15,0,64
-15,-1,64
-15,-1,64
-15,-1,63
-15,0,64
-15,0,64
-15,-1,64
-15,-1,64
-15,0,64
-15,0,63
-15,-1,64
-15,-1,64
-15,0,64
-15,-1,64
-15,0,64
-15,0,64
-15,0,64
-15,-1,64
-15,0,64
-15,-1,64
-15,-1,64
-15,0,64
-15,-1,64
-15,0,64
-15,-1,64
-15,-1,64
-15,0,64
-15,-1,64
-15,0,64
-15,0,64
-15,0,64
-15,0,64
-15,-1,64
-15,-1,64
-15,0,64
-15,0,64
-15,0,64
-15,-1,64
-15,0,64
-15,-1,64
-15,0,64
-15,-1,64
-15,0,64
-15,0,64
-15,0,64
-15,-1,64
-15,-1,64
-15,-1,64
-14,0,64
-15,0,64
-15,-1,64
-15,-1,64
-15,0,64
-15,0,64
-15,-1,64
-15,-1,64
-15,-1,64
-15,0,64
-15,0,64
-15,0,64
-15,0,63
-15,0,64
-15,-1,64
-15,-1,64
-15,0,64
-15,0,64
-15,-1,64
-15,0,64
-15,0,64
-15,0,64
-15,-1,64
-15,0,64
-15,-1,63
-15,-1,64
-15,0,64
-15,0,64
-15,0,64
-15,0,64
-15,0,64
-15,-1,64
-15,0,64
-15,0,64
-15,0,63
-15,0,64
-15,-1,64
-15,0,64
-15,-1,63
-15,-1,64
-15,-1,64
-15,-1,64
-15,0,64
-15,0,64
-15,-1,64
-15,0,64
-15,-1,64
-15,0,63
-15,0,64
-15,-1,63
-15,-1,64
-15,-1,64
-15,0,64
-15,0,64
-15,0,64
-15,0,64
-15,0,63
-15,0,63
-15,0,64
-15,-1,64
-15,-1,64
-15,0,64
-15,0,64
-15,-1,64
-15,0,64
-15,0,64
-15,0,64
-15,-1,64
-15,-1,64
-15,-1,64
-15,-1,64
-15,0,64
-15,0,64
-15,0,64
-15,-1,64
-15,-1,64
-15,0,64
-15,0,64
-15,-1,64
-14,-1,64
-15,0,64
-15,0,64
-15,-1,64
-15,0,64
-15,0,64
-15,-1,64
-15,0,64
-15,0,64
-15,0,64
-15,-1,64
-15,-1,64
-15,0,63
-15,-1,64
-15,-1,64
-15,0,64
-15,-1,64
-15,0,64
-15,-1,64
-15,-1,64
-15,0,64
-15,0,64
-15,0,64
-15,0,64
-15,0,64
-15,-1,64
-15,-1,64
-15,0,64
-15,0,64
-15,0,64
-15,0,64
-15,0,64
-15,0,64
-15,0,64
-15,0,64
-15,-1,64
-15,-1,64
-15,0,64
-15,0,64
-15,-1,64
-15,-1,64
-15,0,64
-15,0,64
-15,-1,64
-15,-1,64
-15,-1,64
-15,0,64
-15,0,64
-15,-1,64
-15,0,64
-15,-1,64
-15,0,64
-15,0,64
-15,0,64
-15,0,64
-15,0,63
-15,0,64
-15,0,64
-15,0,64
-15,0,64
-15,0,64
-15,-1,64
-15,-1,64
-15,0,64
-15,0,64
-15,0,64
-15,0,64
-15,0,64
-15,0,64
-15,-1,64
-15,0,64
-15,-1,64
-15,-1,64
-15,0,64
-15,0,64
-15,0,64
-15,0,64
-15,0,64
-15,0,64
-15,0,64
-15,0,64
-15,0,64
-15,0,64
-15,0,64
-15,0,64
-15,0,64
-15,-1,64
-14,-1,64
-15,-1,64
-15,0,64
-15,0,64
-15,-1,64
-15,0,64
-15,0,64
-15,0,64
-15,-1,64
-15,0,64
-15,0,64
-15,0,64
-15,-1,64
-15,-1,64
-15,-1,64
-14,-1,64
-14,0,64
-15,-1,64
-15,0,64
-15,0,64
-15,0,64
-15,0,64
-15,-1,64
-15,0,64
-15,0,63
-15,0,64
-15,-1,64
-15,-1,64
-15,0,63
-15,0,64
-15,0,64
-15,0,64
-15,0,64
-15,0,64
-15,0,64
-15,0,64
-15,0,64
-15,0,64
-15,0,64
-15,0,63
-15,0,64
-15,-1,64
-15,0,64
-15,0,64
-15,0,64
-15,0,63
-15,0,64
-15,0,64
-15,0,64
-15,0,64
-15,0,64
-15,-1,64
-15,0,64
-15,0,64
-15,0,64
-15,0,64
-15,0,64
-17,0,63
-19,0,61
-22,-1,62
-14,-1,65
-11,-1,67
-5,-1,66
-3,-1,65
4,-2,66
19,-3,65
23,-2,64
23,-2,61
22,-2,61
24,-3,61
24,-3,59
23,-4,59
23,-4,61
22,-4,62
20,-4,62
20,-3,62
21,-3,63
20,-3,62
19,-3,62
19,-3,62
19,-3,63
19,-3,63
19,-2,63
19,-2,63
19,-2,63
14,-3,64
16,-2,65
18,-3,63
17,-2,63
15,-2,62
15,0,65
11,1,67
5,0,69
1,0,67
-6,-2,65
-14,-4,61
-18,-4,61
-22,-5,61
-22,-5,60
-18,-4,62
-14,-2,63
-12,-2,64
-9,-2,66
-9,-2,66
-9,-2,65
-11,-2,64
-12,-2,64
-13,-2,64
-13,-2,64
-12,-2,64
-12,-2,64
-11,-2,64
-11,-2,65
-12,-2,64
-12,-2,64
-13,-2,64
-12,-3,64
-12,-2,64
-12,-2,65
-11,-2,64
-12,-2,64
-12,-2,64
-12,-2,65
-12,-2,64
-12,-2,64
-12,-2,64
-12,-2,65
-12,-2,64
-12,-2,64
-12,-2,64
-12,-2,65
-12,-2,64
-12,-2,64
-12,-2,64
-12,-2,64
-12,-2,64
-12,-2,64
-12,-2,64
-12,-2,64
-12,-2,65
-12,-2,64
-12,-2,64
-12,-2,64
-12,-2,64
-12,-2,64
-12,-2,64
-12,-2,64
-12,-2,65
-12,-2,64
-12,-2,64
-12,-2,64
-12,-2,64
-12,-2,65
-11,-2,64
-12,-2,64
-12,-2,65
-12,-2,65
-11,-2,64
-12,-2,64
-12,-2,64
-12,-2,64
-12,-2,64
-12,-2,64
-12,-2,64
-12,-2,65
-12,-2,64
-12,-2,64
-11,-2,65
-12,-2,64
-12,-2,64
-12,-2,64
-12,-2,64
-12,-2,64
-12,-2,65
-12,-2,64
-12,-2,64
-12,-2,64
-12,-2,65
-12,-2,64
-12,-2,64
-12,-2,64
-12,-2,64
-12,-2,64
-12,-2,64
-12,-2,64
-12,-2,64
-12,-2,64
-12,-2,64
-12,-2,65
-12,-2,64
-12,-2,64
-12,-2,65
-12,-2,65
-11,-2,64
-12,-2,65
-12,-2,65
-12,-2,64
-12,-2,64
-12,-2,64
-12,-2,65
-12,-2,64
-12,-2,64
-12,-2,64
-12,-2,64
-12,-2,64
-12,-2,64
-12,-2,64
-12,-2,64
-11,-2,65
-12,-2,65
-12,-2,64
-12,-2,64
-12,-2,64
-12,-2,64
-12,-2,64
-11,-2,64
-12,-2,64
-12,-2,64
-12,-2,64
-12,-2,64
-12,-2,64
-12,-2,65
-12,-2,64
-12,-2,64
-12,-2,64
-12,-2,65
-12,-2,64
-12,-2,65
-12,-2,64
-12,-2,64
-12,-2,64
-12,-2,64
-12,-2,64
-12,-2,65
-11,-2,64
-11,-2,64
-12,-2,64
-12,-2,64
-12,-2,64
-12,-2,64
-12,-2,64
-12,-2,64
-12,-2,64
-12,-2,64
-12,-2,64
-12,-2,64
-12,-2,65
-12,-2,65
-12,-2,64
-12,-2,64
-12,-2,64
-12,-2,65
-12,-2,64
-12,-2,64
-12,-2,65
-12,-2,65
-12,-2,64
-12,-2,64
-12,-2,65
-12,-2,64
-12,-2,64
-12,-2,64
-12,-2,64
-12,-2,64
-12,-2,64
-12,-2,64
-12,-2,65
-12,-2,64
-12,-2,64
-12,-2,64
-11,-2,64
-12,-2,64
-12,-2,65
-12,-2,65
-12,-2,64
-12,-2,64
-12,-2,65
-12,-2,64
-12,-2,64
-12,-2,64
-12,-2,65
-12,-2,64
-12,-2,64
-12,-2,64
-12,-2,65
-12,-2,65
-12,-2,64
-12,-2,64
-12,-2,64
-12,-2,64
-12,-2,64
-12,-2,64
-12,-2,64
-12,-2,64
-12,-2,65
-12,-2,65
-12,-2,64
-12,-2,64
-12,-2,64
-12,-2,64
-12,-2,64
-12,-2,64
-12,-2,64
-12,-2,65
-12,-2,64
-12,-2,65
-12,-2,64
-12,-2,64
-12,-2,64
-12,-2,65
-12,-2,64
-12,-2,65
-12,-2,64
-12,-2,64
-12,-2,64
-12,-2,64
-12,-2,64
-12,-2,65
-11,-2,65
-11,-2,64
-11,-2,64
-12,-2,64
-12,-2,64
-12,-2,64
-12,-2,64
-12,-2,64
-12,-2,65
-12,-2,64
-12,-2,64
-12,-2,64
-12,-2,64
-11,-2,64
-12,-2,65
-12,-2,64
-12,-2,64
-12,-2,65
-12,-2,64
-12,-2,64
-12,-2,64
-12,-2,64
-12,-2,64
-12,-2,64
-12,-2,65
-12,-2,64
-12,-2,65
-12,-2,65
-12,-2,64
-12,-2,64
-12,-2,64
-12,-2,64
-12,-2,64
-11,-2,64
-12,-2,64
-12,-2,64
-12,-2,64
-12,-2,64
-11,-2,64
-12,-2,64
-12,-2,64
-12,-2,64
-11,-2,65
-11,-2,64
-12,-2,64
-12,-2,64
-12,-2,64
-12,-2,64
-12,-2,64
-11,-2,64
-12,-2,64
-11,-2,64
-11,-2,64
-12,-2,64
-12,-2,65
-12,-2,64
-12,-2,64
-12,-2,65
-12,-2,64
-12,-2,64
-12,-2,64
-12,-2,65
-11,-2,65
-12,-2,64
-12,-2,64
-12,-2,65
-12,-2,64
-12,-2,64
-12,-2,64
-12,-2,64
-12,-2,64
-11,-2,65
-11,-2,64
-12,-2,64
-12,-2,64
-12,-2,64
-12,-2,65
-11,-2,64
-12,-2,64
-12,-2,64
-12,-2,64
-12,-2,64
-12,-2,64
-12,-2,65
-12,-2,65
-12,-2,64
-12,-2,64
-12,-2,65
-12,-2,64
-12,-2,64
-11,-2,64
-11,-2,65
-12,-2,64
-12,-2,65
-12,-2,65
-12,-2,64
-12,-2,64
-12,-2,64
-12,-2,65
-12,-2,65
-12,-2,64
-12,-2,64
-12,-2,64
-12,-2,64
-12,-2,65
-12,-3,64
-12,-2,64
-12,-2,64
-12,-2,65
-12,-2,65
-12,-2,64
-12,-2,64
-12,-3,64
-12,-2,64
-12,-2,64
-12,-2,64
-12,-2,64
-12,-2,64
-11,-2,64
-12,-2,64
-12,-2,64
-12,-2,64
-12,-2,64
-12,-2,65
-11,-2,64
-12,-2,64
-12,-2,64
-12,-2,65
-12,-2,64
-12,-2,65
-12,-2,64
-12,-2,64
-12,-2,64
-12,-2,64
-12,-2,64
-12,-2,64
-12,-2,64
-12,-2,64
-12,-2,64
-12,-2,64
-12,-2,64
-11,-2,64
-12,-2,64
-12,-2,65
-12,-2,64
-12,-2,64
-12,-2,64
-11,-2,64
-12,-2,64
-12,-2,64
-12,-2,64
-11,-2,64
-11,-2,65
-12,-2,65
-12,-2,65
-12,-2,64
-12,-2,64
-11,-2,64
-12,-2,64
-12,-2,64
-11,-2,64
-12,-2,64
-12,-2,64
-12,-2,64
-12,-2,64
-12,-2,64
-11,-2,64
-12,-2,64
-12,-2,64
-12,-2,64
-12,-2,64
-12,-2,64
-12,-2,64
-12,-2,65
-12,-2,64
-12,-2,64
-12,-2,64
-12,-2,64
-12,-2,64
-12,-2,64
-12,-2,64
-12,-2,64
-12,-2,64
-12,-2,64
-12,-2,65
-12,-2,64
-12,-2,64
-12,-2,64
-12,-2,64
-12,-2,64
-12,-2,64
-12,-2,64
-12,-2,65
-12,-2,64
-12,-2,64
-12,-2,64
-12,-2,64
-12,-2,64
-12,-2,65
-12,-2,64
-12,-2,64
-12,-2,65
-12,-2,64
-12,-2,64
-12,-2,65
-12,-2,65
-12,-2,64
-12,-2,64
-12,-2,65
-12,-2,64
-12,-2,64
-12,-2,65
-12,-2,64
-12,-2,64
-12,-2,64
-12,-2,64
-12,-2,64
-12,-2,64
-12,-2,64
-12,-2,64
-12,-2,65
-12,-2,65
-11,-2,64
-11,-2,65
-11,-2,64
-12,-4,64
-12,-4,65
-14,-2,65
-15,-1,65
-13,0,64
-13,0,63
-14,-1,63
-12,-2,64
-10,-3,65
-10,-4,64
-9,-4,64
-8,-4,65
-9,-2,65
-10,-1,66
-11,-1,66
-12,-1,65
-13,-1,65
-13,-1,65
-14,-1,65
-14,-2,64
-16,-2,64
-16,-2,64
-16,-2,64
-17,-4,62
-16,-5,63
-16,-6,63
-16,-7,62
-17,-7,62
-16,-5,63
-16,-4,63
-17,-2,63
-17,-3,63
-19,-3,61
-20,-4,63
-20,-3,63
-18,-3,64
-18,-3,63
-18,-3,62
-17,-4,64
-16,-4,64
-15,-4,63
-15,-4,63
-14,-5,64
-13,-5,65
-13,-5,65
-12,-4,65
-12,-3,65
-13,-3,64
-15,-2,64
-16,-2,64
-16,-3,63
-16,-3,63
-15,-3,64
-14,-3,64
-14,-3,65
-13,-3,64
-14,-4,64
-14,-5,63
-14,-5,64
-14,-5,64
-14,-3,64
-14,-3,64
-14,-2,64
-15,-2,63
-15,-2,64
-16,-2,63
-16,-3,63
-15,-3,64
-15,-4,64
-15,-4,64
-14,-4,64
-14,-4,64
-14,-4,64
-14,-4,64
-13,-3,64
-14,-3,64
-14,-3,64
-14,-3,64
-14,-3,64
-14,-3,64
-15,-3,63
-15,-3,64
-14,-3,65
-14,-3,64
-13,-3,64
-14,-3,64
-15,-3,64
-14,-3,64
-14,-3,63
-14,-3,64
-14,-3,64
-14,-3,64
-14,-3,64
-14,-3,64
-14,-3,64
-15,-3,64
-14,-3,64
-14,-3,64
-14,-3,64
-14,-3,64
-14,-3,64
-13,-3,64
-14,-3,64
-14,-3,64
-14,-3,64
-14,-3,64
-14,-3,64
-14,-3,64
-14,-3,64
-14,-3,64
-14,-3,63
-14,-3,64
-14,-3,64
-14,-3,64
-14,-3,64
-14,-3,64
-14,-3,64
-14,-3,64
-14,-2,64
-14,-2,64
-14,-3,64
-14,-3,64
-14,-3,64
-14,-3,64
-14,-3,64
-13,-3,64
-14,-3,64
-13,-3,64
-14,-3,64
-14,-3,64
-14,-3,64
-14,-2,64
-14,-3,64
-14,-3,64
-15,-2,64
-14,-2,64
-14,-3,64
-13,-3,64
-14,-3,64
-14,-3,64
-14,-3,64
-14,-3,64
-13,-3,64
-13,-3,64
-14,-3,64
-14,-2,64
-14,-2,64
-14,-3,64
-14,-3,64
-14,-3,64
-14,-3,64
-14,-3,64
-14,-3,63
-14,-3,64
-14,-3,64
-14,-2,64
-13,-3,64
-14,-3,64
-14,-3,64
-15,-3,64
-14,-3,64
-14,-3,64
-14,-3,64
-14,-3,64
-14,-3,64
-14,-3,64
-13,-3,64
-13,-3,64
-13,-3,64
-14,-3,64
-14,-3,64
-14,-3,64
-14,-3,64
-14,-3,64
-14,-3,64
-15,-2,63
-16,-2,63
-15,-3,64
-13,-2,65
-12,-3,64
-14,-3,64
-14,-3,64
-14,-3,64
-14,-3,64
-13,-3,64
-14,-3,64
-14,-3,64
-15,-3,64
-15,-3,64
-14,-2,64
-14,-2,64
-14,-2,64
-14,-3,64
-13,-3,64
-13,-3,64
-12,-4,65
-12,-4,65
-13,-4,64
-13,-3,64
-14,-3,65
-13,-3,64
-12,-4,64
-13,-4,63
-14,-4,64
-14,-3,64
-14,-2,64
-15,-2,64
-14,-2,64
-14,-3,64
-14,-3,64
-13,-3,64
-14,-3,64
-13,-3,64
-13,-3,64
-13,-3,64
-13,-4,64
-13,-3,64
-14,-3,64
-14,-3,64
-14,-3,65
-13,-3,65
-13,-3,64
-13,-3,64
-13,-3,64
-15,-3,64
-14,-2,64
-14,-2,64
-13,-3,64
-13,-4,64
-13,-4,64
-14,-4,64
-14,-3,64
-14,-3,64
-13,-3,64
-13,-2,64
-13,-3,64
-13,-3,64
-14,-3,64
-14,-3,64
-14,-3,64
-14,-3,64
-14,-3,64
-14,-3,64
-14,-3,64
-14,-3,63
-15,-3,63
-14,-3,64
-13,-3,64
-13,-3,64
-12,-3,65
-13,-3,64
-13,-3,64
-14,-3,64
-14,-3,64
-13,-3,64
-13,-3,64
-14,-3,64
-14,-3,64
-14,-3,64
-14,-3,63
-14,-3,64
-14,-3,64
-13,-3,64
-13,-3,64
-13,-3,64
-13,-3,64
-14,-3,64
-14,-2,64
-14,-2,64
-13,-3,64
-14,-3,64
-14,-3,64
-14,-3,64
-14,-3,64
-13,-3,64
-13,-3,64
-13,-3,64
-13,-3,64
-13,-3,64
-14,-3,64
-13,-3,64
-14,-3,64
-14,-3,64
-14,-3,64
-14,-3,64
-14,-3,63
-14,-3,64
-13,-3,64
-14,-3,64
-13,-3,64
-13,-3,64
-13,-3,64
-13,-3,64
-13,-3,64
-13,-3,64
-13,-3,63
-14,-2,64
-13,-3,64
-14,-3,64
-14,-3,64
-13,-3,64
-13,-3,64
-13,-3,64
-14,-3,64
-14,-3,64
-14,-3,64
-13,-3,64
-13,-3,64
-13,-3,64
-14,-2,64
-14,-3,64
-13,-3,64
-14,-3,64
-14,-3,64
-14,-3,64
-13,-3,64
-13,-3,64
-13,-3,64
-14,-3,64
-14,-3,64
-15,-3,64
-13,-2,64
-13,-3,64
-13,-3,64
-14,-3,64
-14,-3,64
-13,-3,64
-13,-3,64
-13,-3,64
-13,-3,64
-14,-3,64
-14,-3,64
-13,-3,64
-13,-3,64
-13,-3,64
-13,-3,64
-13,-3,64
-14,-3,64
-13,-3,64
-13,-3,64
-13,-3,64
-14,-3,64
-14,-3,64
-14,-3,64
-14,-2,64
-14,-2,64
-13,-3,64
-14,-3,64
-14,-3,64
-14,-3,64
-13,-3,64
-13,-3,64
-13,-3,64
-13,-3,65
-13,-3,64
-13,-3,64
-14,-3,64
-14,-3,64
-14,-3,64
-14,-3,64
-14,-3,64
-14,-3,64
-14,-3,64
-14,-3,64
-14,-3,64
-13,-2,64
-13,-3,64
-13,-3,64
-14,-3,64
-13,-3,64
-13,-3,64
-13,-3,64
-13,-3,64
-14,-3,64
-14,-3,64
-14,-3,64
-14,-3,64
-14,-3,64
-14,-3,64
-13,-3,64
-13,-3,64
-13,-3,64
-13,-3,64
-14,-3,64
-14,-3,64
-13,-3,64
-14,-3,64
-14,-3,64
-14,-3,64
-14,-3,64
-14,-3,64
-14,-3,64
-13,-3,64
-13,-3,64
-14,-3,64
-13,-3,64
-13,-3,64
-13,-3,64
-14,-3,64
-14,-3,64
-13,-3,64
-14,-3,64
-14,-3,64
-13,-3,64
-13,-3,64
-14,-3,64
-14,-3,64
-14,-3,64
-13,-3,64
-13,-3,64
-13,-3,64
-13,-3,64
-14,-3,64
-14,-3,64
-14,-3,64
-14,-3,64
-14,-3,64
-13,-3,64
-13,-3,64
-14,-3,64
-14,-3,64
-14,-3,64
-14,-3,64
-13,-3,64
-13,-3,64
-13,-3,64
-14,-3,64
-14,-3,64
-14,-3,64
-14,-3,64
-14,-3,64
-14,-3,64
-14,-3,64
-13,-3,64
-13,-3,64
-13,-3,64
-14,-3,64
-14,-3,64
-13,-3,64
-13,-3,64
-14,-3,64
-14,-3,64
-14,-3,64
-13,-3,64
-14,-3,64
-13,-3,64
-13,-3,64
-14,-3,64
-14,-3,64
-13,-3,64
-13,-3,64
-13,-3,64
-13,-3,64
-14,-3,64
-14,-3,64
-13,-3,64
-14,-3,64
-14,-3,64
-14,-3,64
-13,-3,64
-14,-3,64
-13,-3,64
-14,-3,64
-13,-3,64
-14,-3,64
-14,-3,64
-14,-3,64
-14,-3,64
-13,-3,64
-13,-3,64
-13,-3,64
-14,-3,64
-13,-3,64
-13,-3,64
-13,-3,64
-13,-3,64
-14,-3,64
-14,-3,64
-14,-3,64
-14,-3,64
-14,-3,64
-13,-3,64
-13,-3,64
-13,-3,64
-13,-3,64
-14,-3,65
-13,-3,64
-14,-3,64
-13,-3,64
-13,-3,64
-14,-3,64
-13,-3,64
-14,-3,64
-14,-3,64
-13,-3,64
-13,-3,64
-14,-3,64
-14,-3,64
-13,-3,64
-13,-3,64
-13,-3,64
-13,-3,64
-14,-3,64
-14,-3,64
-14,-3,64
-14,-3,64
-14,-3,64
-14,-3,64
-13,-3,64
-14,-3,64
-14,-3,64
-13,-3,64
-13,-3,64
-14,-3,64
-14,-3,64
-14,-3,63
-13,-3,65
-13,-3,64
-13,-3,64
-14,-3,64
-14,-3,64
-14,-3,64
-14,-3,64
-13,-3,64
-14,-3,64
-13,-3,64
-14,-3,64
-13,-3,64
-13,-3,64
-13,-3,64
-13,-3,64
-14,-3,64
-14,-3,64
-13,-3,64
-13,-3,64
-13,-3,64
-14,-3,64
-13,-3,64
-13,-3,64
-13,-3,64
-14,-3,64
-14,-3,64
-14,-3,64
-13,-3,64
-14,-3,64
-13,-3,64
-13,-3,64
-13,-3,64
-14,-3,64
-14,-3,64
-14,-3,64
-13,-3,64
-13,-3,64
-14,-3,64
-14,-3,64
-14,-3,64
-14,-3,64
-14,-3,64
-13,-3,64
-13,-3,64
-13,-3,64
-14,-3,64
-14,-3,64
-13,-3,64
-13,-3,64
-14,-3,64
-13,-3,64
-14,-3,64
-14,-3,64
-14,-3,64
-14,-3,64
-13,-3,64
-13,-3,64
-14,-3,64
-13,-3,64
-14,-3,64
-14,-3,64
-13,-3,64
-13,-3,64
-13,-3,64
-14,-3,64
-14,-3,64
-14,-3,64
-13,-3,64
-14,-3,64
-13,-3,64
-14,-3,64
-14,-3,64
-14,-3,64
-13,-3,64
-13,-3,64
-14,-3,64
-14,-3,64
-13,-3,64
-14,-3,64
-14,-3,64
-14,-3,64
-14,-3,64
-13,-3,64
-13,-3,64
-14,-3,64
-14,-3,65
-13,-3,65
-12,-4,65
-12,-3,65
-13,-3,64
-14,-4,64
-13,-4,64
-14,-4,64
-14,-4,63
-15,-5,62
-17,-4,62
-17,-3,62
-17,-3,62
-17,-3,62
-16,-4,64
-15,-4,64
-13,-4,63
-13,-3,64
-13,-3,66
-12,-2,65
-13,-1,64
-14,-1,64
-15,-1,64
-15,-2,64
-13,-1,65
-13,-1,66
-12,-1,65
-11,-1,64
-11,-2,65
-12,-2,65
-13,-2,65
-13,-2,64
-13,-2,65
-13,-2,64
-14,-2,64
-14,-2,64
-14,-2,63
-15,-2,63
-15,-3,63
-16,-4,63
-16,-4,64
-15,-4,63
-14,-3,64
-14,-3,64
-14,-3,64
-14,-3,64
-14,-3,64
-14,-3,64
-14,-3,64
-14,-3,64
-14,-3,64
-14,-2,64
-14,-3,64
-14,-3,63
-15,-3,64
-15,-3,64
-14,-3,64
-14,-4,64
-14,-3,64
-14,-4,64
-14,-3,64
-14,-3,64
-14,-3,64
-14,-3,64
-14,-3,64
-14,-3,64
-14,-3,64
-14,-3,64
-14,-3,64
-14,-3,64
-14,-4,64
-14,-3,64
-14,-3,64
-14,-3,64
-14,-3,64
-14,-3,64
-14,-3,64
-14,-3,64
-14,-3,64
-15,-3,64
-16,-3,63
-19,-3,62
-12,-3,65
-15,-3,63
-16,-4,62
-11,-4,63
-2,-5,65
3,-4,65
6,-4,64
11,-2,64
12,-2,64
16,-1,65
18,-1,66
17,-2,65
12,-3,64
12,-4,65
12,-4,64
8,-3,64
7,-3,64
10,-3,65
9,-3,65
11,-3,64
12,-3,65
15,-3,65
16,-1,66
10,-1,66
0,-1,67
-5,-3,65
-8,-3,65
-16,-4,63
-18,-5,62
-20,-5,60
-20,-4,60
-19,-4,62
-15,-3,64
-14,-2,64
-11,-2,65
-11,-3,65
-11,-3,64
-13,-3,64
-13,-4,64
-14,-4,64
-14,-3,63
-13,-2,64
-13,-2,64
-12,-2,64
-13,-2,64
-13,-2,64
-13,-2,65
-12,-2,65
-12,-2,65
-11,-2,65
-11,-1,65
-11,-1,65
-11,-1,65
-11,-2,65
-12,-2,64
-13,-3,64
-13,-3,64
-14,-3,64
-13,-3,64
-13,-3,64
-13,-2,63
-13,-2,63
-13,-2,64
-13,-2,64
-13,-3,64
-13,-3,64
-13,-3,65
-12,-2,64
-12,-2,64
-11,-2,65
-12,-2,65
-12,-3,65
-13,-2,65
-13,-2,64
-13,-2,63
-13,-2,64
-11,-3,64
-11,-4,65
-12,-3,65
-12,-3,64
-12,-3,64
-13,-3,64
-13,-3,64
-12,-3,64
-12,-3,64
-12,-2,64
-12,-2,65
-12,-2,64
-12,-2,64
-12,-2,64
-12,-2,64
-13,-2,64
-12,-2,64
-12,-3,64
-12,-3,64
-12,-3,65
-13,-3,64
-13,-3,64
-13,-3,64
-12,-3,64
-12,-3,64
-12,-2,65
-12,-2,64
-12,-2,64
-12,-2,64
-12,-2,64
-12,-2,64
-12,-2,64
-12,-2,64
-12,-3,64
-12,-3,64
-12,-3,64
-12,-3,64
-12,-3,64
-13,-3,64
-13,-2,65
-12,-2,65
-12,-2,64
-12,-3,64
-12,-3,64
-13,-3,64
-12,-3,65
-12,-2,64
-12,-2,65
-13,-2,65
-12,-2,65
-12,-3,64
-13,-3,64
-13,-3,64
-13,-3,64
-12,-2,64
-12,-2,64
-12,-3,64
-12,-2,65
-12,-2,64
-13,-2,64
-12,-3,64
-12,-3,64
-12,-3,64
-12,-2,64
-12,-2,64
-12,-3,64
-12,-3,65
-12,-3,64
-13,-2,64
-12,-2,64
-12,-3,65
-12,-4,64
-12,-3,64
-13,-2,64
-13,-2,63
-13,-2,64
-12,-2,64
-12,-2,64
-12,-2,65
-11,-2,65
-12,-3,65
-12,-2,64
-12,-2,65
-10,-2,65
-11,-3,65
-12,-3,64
-15,-4,62
-16,-3,61
-17,-3,62
-16,-2,63
-14,-2,65
-14,-2,64
-14,-2,63
-15,-1,64
-15,0,64
-15,1,65
-15,2,65
-14,2,64
-13,2,64
-12,1,65
-11,0,66
-12,-1,66
-12,-2,66
-12,-3,65
-12,-2,64
-13,-2,63
-14,-2,63
-15,-2,63
-14,-2,63
-15,-2,63
-14,-3,63
-13,-3,63
-14,-3,63
-14,-3,64
-13,-3,64
-13,-2,64
-13,-2,64
-13,-1,64
-13,-1,64
-13,-1,64
-13,-1,64
-13,-1,64
-12,-1,64
-11,-1,65
-12,-1,65
-11,-2,65
-12,-3,64
-12,-3,64
-12,-2,65
-12,-2,65
-12,-1,64
-13,-1,64
-13,-1,64
-14,-1,64
-14,-2,64
-13,-2,64
-13,-3,64
-13,-2,64
-12,-1,64
-12,-1,64
-12,-2,64
-13,-2,64
-13,-2,64
-13,-2,64
-13,-2,63
-14,-1,64
-13,-1,65
-11,-1,65
-11,-2,65
-11,-2,65
-11,-2,64
-12,-2,64
-12,-1,65
-12,-1,65
-12,-1,65
-12,-2,65
-13,-2,64
-14,-3,63
-14,-3,63
-14,-3,64
-14,-2,64
-13,-2,64
-13,-2,64
-13,-3,64
-13,-2,64
-13,-3,64
-13,-3,64
-13,-2,64
-12,-2,65
-12,-1,65
-12,-2,64
-12,-2,64
-13,-2,65
-12,-3,65
-12,-2,64
-11,-2,64
-12,-2,64
-13,-3,64
-15,-3,64
-15,-3,64
-14,-4,64
-14,-3,64
-12,-4,64
-11,-4,65
-11,-3,65
-11,-3,65
-12,-3,64
-12,-3,64
-14,-3,64
-14,-3,64
-14,-4,64
-14,-4,64
-13,-4,64
-13,-4,64
-13,-4,64
-12,-3,64
-12,-3,64
-13,-3,64
-14,-3,64
-14,-4,64
-13,-4,64
-13,-4,64
-13,-4,64
-13,-4,64
-13,-4,64
-13,-4,64
-13,-3,64
-12,-3,64
-13,-4,64
-13,-4,64
-13,-4,64
-13,-4,64
-13,-4,64
-13,-4,64
-13,-4,64
-13,-4,64
-13,-4,64
-13,-4,64
-13,-4,64
-13,-4,64
-13,-4,64
-13,-4,64
-13,-4,64
-13,-4,64
-13,-4,64
-13,-4,64
-13,-4,64
-13,-4,64
-13,-4,64
-13,-4,64
-13,-4,64
-13,-4,64
-13,-4,64
-13,-4,64
-13,-3,64
-13,-4,64
-13,-4,64
-13,-4,64
-13,-4,64
-13,-4,64
-13,-4,64
-13,-4,64
-13,-4,64
-13,-4,64
-13,-4,64
-13,-4,64
-13,-4,64
-13,-4,64
-13,-4,64
-13,-4,64
-12,-4,64
-12,-3,64
-13,-3,64
-13,-4,64
-13,-4,64
-13,-4,64
-13,-4,65
-13,-4,64
-13,-4,64
-13,-4,64
-13,-4,64
-13,-4,64
-13,-4,63
-13,-4,64
-13,-4,64
-13,-4,64
-13,-3,64
-13,-4,64
-13,-4,64
-13,-4,64
-13,-4,64
-13,-4,64
-13,-4,64
-13,-4,64
-13,-4,64
-13,-4,64
-13,-4,64
-13,-3,64
-13,-4,64
-13,-3,64
-13,-3,64
-13,-3,64
-13,-4,64
-13,-4,64
-13,-4,64
-13,-4,64
-13,-4,64
-13,-4,64
-13,-4,64
-13,-4,64
-13,-3,64
-13,-3,64
-13,-3,64
-13,-3,64
-12,-3,65
-12,-5,65
-12,-5,64
-13,-6,64
-14,-6,64
-14,-6,63
-14,-3,64
-14,-3,64
-14,-1,64
-13,-1,64
-13,-2,64
-13,-4,64
-14,-5,64
-13,-6,64
-13,-6,64
-13,-5,64
-12,-4,64
-12,-4,64
-12,-4,64
-13,-4,64
-14,-4,64
-14,-4,63
-14,-4,64
-14,-3,64
-13,-4,64
-13,-4,64
-13,-4,64
-14,-4,64
-13,-4,64
-13,-4,64
-13,-4,64
-13,-4,64
-13,-5,64
-13,-5,64
-13,-5,64
-13,-4,64
-13,-4,64
-13,-4,64
-14,-4,64
-13,-4,64
-14,-4,64
-14,-4,64
-14,-4,64
-13,-4,64
-13,-4,64
-13,-4,64
-13,-5,64
-13,-5,64
-13,-4,64
-13,-4,64
-14,-4,64
-13,-4,64
-13,-4,64
-14,-4,64
-14,-4,64
-14,-5,64
-14,-4,64
-14,-4,64
-14,-4,64
-13,-4,64
-13,-5,64
-13,-5,64
-13,-5,64
-14,-4,64
-14,-5,64
-14,-4,64
-13,-4,64
-14,-4,64
-14,-4,64
-14,-4,64
-14,-4,64
-13,-4,64
-13,-4,64
-13,-4,64
-13,-4,64
-13,-5,64
-14,-5,64
-14,-5,64
-14,-4,64
-14,-4,64
-14,-4,64
-14,-4,64
-14,-4,63
-14,-4,64
-13,-4,64
-13,-4,64
-13,-4,64
-13,-4,64
-14,-4,64
-14,-4,64
-14,-4,64
-14,-4,64
-14,-4,64
-13,-4,64
-14,-5,64
-14,-5,64
-14,-4,64
-14,-4,64
-14,-4,64
-14,-4,64
-13,-4,64
-14,-4,64
-14,-4,64
-14,-4,64
-14,-4,64
-14,-4,64
-14,-4,64
-14,-4,64
-13,-5,64
-13,-5,64
-13,-4,64
-13,-4,64
-14,-4,64
-13,-4,64
-13,-4,64
-14,-4,64
-14,-4,64
-14,-5,64
-14,-5,64
-14,-4,64
-14,-4,64
-13,-4,64
-14,-5,64
-14,-4,64
-14,-5,64
-14,-4,64
-14,-5,64
-13,-4,64
-14,-4,64
-14,-4,64
-14,-4,64
-14,-4,64
-14,-4,64
-14,-4,64
-14,-4,64
-14,-4,64
-14,-4,64
-14,-4,64
-14,-4,64
-13,-4,64
-13,-4,64
-13,-5,64
-14,-5,64
-14,-4,64
-14,-4,64
-13,-4,64
-13,-4,64
-14,-5,64
-14,-5,64
-14,-5,64
-14,-5,64
-14,-5,64
-14,-4,64
-13,-4,64
-14,-5,64
-14,-4,64
-14,-4,64
-14,-4,64
-14,-4,64
-14,-4,64
-14,-5,64
-13,-4,64
-14,-4,64
-14,-5,64
-14,-4,64
-13,-4,64
-14,-4,64
-14,-4,64
-14,-4,64
-14,-5,64
-13,-4,64
-14,-5,64
-14,-5,64
-13,-5,64
-14,-5,64
-14,-4,64
-14,-4,64
-13,-5,64
-13,-5,64
-14,-4,64
-14,-5,64
-14,-5,64
-13,-4,64
-14,-5,64
-14,-4,64
-14,-5,64
-14,-5,64
-14,-4,64
-14,-4,64
-14,-4,64
-13,-4,64
-13,-4,64
-14,-4,64
-14,-4,64
-14,-4,64
-14,-5,64
-14,-4,64
-14,-4,64
-14,-5,64
-14,-5,64
-14,-5,64
-13,-5,64
-14,-4,64
-14,-4,64
-14,-4,64
-14,-4,64
-14,-5,64
-13,-4,64
-13,-4,64
-14,-4,64
-14,-5,63
-14,-5,64
-14,-5,64
-14,-5,64
-14,-4,64
-14,-4,64
-14,-4,64
-14,-4,64
-14,-4,64
-14,-4,64
-14,-4,64
-14,-5,64
-14,-5,64
-13,-5,64
-13,-5,64
-13,-5,64
-13,-4,64
-13,-5,64
-14,-5,64
-14,-4,64
-14,-4,64
-14,-4,64
-13,-4,64
-13,-4,64
-14,-4,64
-14,-4,64
-14,-4,64
-14,-5,64
-13,-5,64
-14,-5,64
-13,-5,64
-14,-5,64
-13,-5,64
-13,-5,64
-14,-4,64
-13,-4,64
-14,-4,64
-14,-4,64
-14,-4,64
-14,-4,64
-14,-5,64
-14,-4,64
-14,-5,64
-14,-5,64
-14,-5,64
-14,-5,64
-14,-5,64
-14,-5,64
-13,-5,64
-14,-4,64
-13,-4,64
-14,-4,64
-14,-4,64
-14,-4,64
-14,-4,64
-14,-4,64
-13,-5,64
-14,-4,64
-14,-5,64
-13,-5,64
-14,-5,64
-14,-5,64
-14,-5,64
-14,-4,64
-14,-4,64
-14,-5,64
-14,-4,64
-13,-4,64
-13,-4,64
-13,-5,64
-14,-4,64
-14,-5,64
-14,-4,64
-14,-5,64
-14,-5,64
-14,-5,64
-14,-5,64
-14,-5,64
-14,-5,64
-14,-5,64
-14,-4,64
-14,-4,64
-14,-5,64
-13,-4,64
-13,-5,64
-14,-5,64
-14,-5,64
-14,-5,64
-14,-4,64
-14,-5,64
-14,-5,64
-14,-5,64
-14,-5,64
-14,-4,64
-14,-5,64
-14,-5,64
-14,-5,64
-14,-5,64
-14,-5,64
-14,-5,64
-14,-5,64
-14,-5,64
-14,-4,64
-14,-5,64
-14,-5,64
-14,-5,64
-14,-4,64
-14,-5,64
-14,-5,64
-14,-5,64
-14,-5,64
-14,-5,64
-14,-4,64
-14,-5,64
-14,-5,64
-14,-5,64
-14,-5,64
-14,-5,64
-14,-4,64
-14,-5,64
-13,-5,64
-14,-5,64
-14,-4,64
-14,-5,64
-13,-5,64
-14,-5,64
-14,-5,64
-14,-5,64
-14,-5,64
-14,-5,64
-14,-5,64
-14,-5,64
-14,-5,64
-14,-5,64
-14,-5,64
-14,-5,64
-14,-5,64
-13,-4,64
-14,-4,64
-14,-5,64
-14,-5,64
-14,-5,64
-14,-5,64
-14,-5,64
-14,-5,64
-14,-5,64
-14,-5,64
-14,-5,64
-14,-5,64
-14,-5,64
-14,-5,64
-14,-4,64
-14,-5,64
-14,-5,64
-14,-5,64
-14,-4,64
-14,-5,64
-14,-5,64
-14,-5,64
-14,-5,64
-14,-4,64
-13,-5,64
-14,-5,64
-14,-4,64
-14,-4,64
-14,-5,64
-14,-5,64
-14,-5,64
-14,-5,64
-14,-5,64
-14,-5,64
-14,-5,64
-14,-5,64
-13,-5,64
-14,-5,64
-14,-5,64
-14,-4,64
-14,-4,64
-13,-5,64
-13,-5,64
-14,-5,64
-14,-5,64
-14,-5,64
-14,-4,64
-14,-5,64
-13,-4,64
-13,-4,64
-13,-5,64
-13,-5,64
-13,-5,64
-13,-5,64
-13,-4,64
-13,-3,64
-14,-4,64
-15,-3,64
-14,-4,64
-14,-5,63
-15,-5,64
-15,-5,64
-15,-5,64
-14,-4,63
-14,-4,64
-14,-5,63
-15,-5,64
-15,-5,64
-15,-5,64
-14,-4,63
-12,-4,64
-12,-5,65
-13,-5,65
-13,-5,64
-13,-5,64
-13,-4,64
-13,-4,64
-14,-4,64
-14,-4,63
-14,-4,63
-15,-5,63
-16,-6,63
-16,-5,64
-13,-4,64
-13,-3,64
-13,-3,63
-15,-4,64
-15,-4,64
-13,-5,65
-13,-5,64
-11,-5,65
-10,-3,65
-10,-2,65
-11,-3,65
-12,-3,64
-12,-3,64
-14,-5,64
-14,-5,63
-13,-5,64
-12,-5,64
-12,-6,64
-13,-4,65
-13,-4,64
-13,-3,64
-14,-3,64
-14,-2,64
-15,-3,63
-14,-4,64
-13,-5,64
-12,-5,64
-11,-5,65
-11,-5,65
-11,-5,65
-12,-4,64
-13,-4,64
-13,-4,64
-13,-4,63
-13,-4,64
-13,-4,64
-14,-4,64
-13,-4,64
-13,-4,64
-13,-4,64
-13,-4,64
-13,-4,64
-13,-4,64
-12,-4,65
-12,-4,64
-12,-4,64
-13,-4,64
-13,-4,64
-13,-4,64
-13,-4,64
-13,-4,64
-13,-4,64
-13,-4,64
-13,-4,64
-13,-4,64
-13,-4,64
-13,-4,64
-13,-4,64
-13,-4,64
-13,-4,64
-13,-4,64
-13,-4,64
-13,-4,64
-13,-4,64
-13,-4,64
-13,-4,64
-13,-4,64
-13,-4,64
-13,-4,64
-13,-4,64
-13,-4,64
-13,-4,64
-13,-4,64
-13,-4,64
-13,-4,64
-13,-4,64
-13,-4,64
-13,-4,64
-13,-4,64
-13,-4,64
-13,-4,64
-13,-4,64
-13,-4,64
-13,-4,64
-13,-4,64
-13,-4,64
-13,-4,64
-13,-4,64
-13,-4,64
-13,-4,64
-13,-4,64
-13,-4,64
-13,-4,64
-14,-4,64
-13,-4,64
-13,-3,64
-13,-3,64
-14,-3,64
-14,-3,64
-13,-4,65
-11,-4,65
-11,-5,65
-12,-5,65
-12,-5,64
-14,-4,64
-13,-4,64
-13,-4,63
-13,-4,64
-13,-4,64
-13,-4,64
-12,-4,64
-12,-4,65
-13,-4,64
-13,-3,65
-13,-3,64
-13,-3,64
-13,-3,64
-14,-4,63
-14,-4,64
-13,-5,64
-13,-5,64
-13,-4,64
-11,-4,65
-11,-4,64
-13,-4,64
-14,-4,64
-14,-5,64
-13,-4,64
-13,-4,64
-13,-3,64
-12,-3,65
-12,-4,65
-13,-4,64
-13,-4,64
-13,-4,64
-13,-4,64
-13,-4,64
-14,-5,64
-14,-5,64
-13,-5,64
-13,-5,64
-13,-6,64
-13,-5,64
-13,-5,64
-13,-4,64
-13,-3,64
-13,-3,64
-13,-4,64
-13,-4,64
-14,-4,64
-14,-5,64
-14,-5,64
-14,-5,64
-14,-5,64
-13,-5,64
-12,-5,65
-12,-5,64
-12,-4,64
-12,-4,64
-13,-4,64
-13,-4,64
-13,-4,64
-13,-4,64
-13,-4,64
-13,-4,64
-14,-5,64
-14,-5,64
-13,-5,64
-13,-5,64
-13,-4,64
-13,-5,64
-13,-5,64
-13,-4,64
-13,-4,64
-13,-4,64
-13,-4,64
-14,-4,64
-13,-4,64
-13,-4,64
-13,-5,64
-13,-4,64
-13,-5,64
-14,-5,64
-13,-5,64
-13,-4,64
-13,-4,64
-13,-4,64
-13,-5,64
-13,-4,64
-13,-5,64
-13,-4,64
-13,-4,64
-13,-5,64
-13,-4,64
-13,-4,64
-13,-5,64
-13,-4,64
-13,-4,64
-13,-4,64
-13,-4,64
-13,-5,64
-13,-4,64
-13,-4,64
-13,-4,64
-13,-4,64
-13,-4,64
-13,-4,64
-13,-5,64
-13,-4,64
-13,-4,64
-13,-4,64
-13,-4,64
-13,-5,64
-13,-4,64
-13,-4,64
-13,-4,64
-13,-4,64
-13,-4,64
-13,-4,64
-13,-4,64
-13,-4,64
-13,-5,64
-13,-4,64
-13,-4,64
-13,-4,64
-13,-4,64
-13,-4,64
-13,-4,64
-13,-4,64
-13,-4,64
-13,-4,64
-13,-4,64
-13,-4,64
-13,-4,64
-13,-4,64
-13,-4,64
-13,-4,64
-13,-5,64
-13,-4,64
-13,-5,64
-13,-4,64
-13,-5,64
-13,-4,65
-13,-4,64
-13,-4,64
-13,-4,64
-13,-4,64
-13,-4,64
-13,-4,64
-13,-4,64
-13,-4,64
-13,-4,64
-13,-4,64
-13,-5,64
-13,-4,64
-13,-5,64
-13,-4,64
-13,-4,64
-13,-5,64
-13,-5,64
-13,-5,64
-13,-4,64
-13,-5,64
-13,-5,64
-13,-4,64
-13,-5,64
-13,-4,64
-13,-4,64
-13,-4,64
-13,-4,64
-13,-4,64
-13,-4,64
-13,-4,64
-13,-4,64
-13,-5,64
-13,-4,64
-13,-4,64
-13,-5,64
-13,-5,64
-13,-5,64
-13,-4,64
-13,-5,64
-13,-5,64
-13,-4,64
-13,-5,64
-13,-4,64
-13,-4,64
-13,-4,64
-13,-5,64
-13,-5,64
-13,-4,64
-13,-4,64
-13,-5,64
-13,-4,64
-13,-4,64
-13,-4,64
-13,-4,64
-13,-4,64
-13,-4,64
-13,-4,64
-13,-5,64
-13,-5,64
-13,-4,64
-13,-4,64
-13,-4,64
-13,-5,64
-13,-4,64
-13,-4,64
-13,-4,64
-13,-4,64
-13,-4,64
-13,-4,64
-13,-4,64
-13,-4,64
-13,-5,64
-13,-5,64
-13,-5,64
-13,-5,64
-13,-4,64
-13,-5,64
-13,-4,64
-13,-4,64
-13,-4,64
-13,-4,64
-13,-4,64
-13,-4,64
-13,-4,64
-13,-5,64
-13,-4,64
-13,-5,64
-13,-4,64
-13,-5,64
-13,-4,64
-13,-4,64
-13,-4,64
-13,-4,64
-13,-4,64
-14,-4,64
-14,-4,64
-13,-5,64
-13,-4,64
-13,-4,64
-13,-5,64
-13,-5,64
-13,-4,64
-13,-4,64
-13,-4,64
-13,-4,64
-13,-4,64
-13,-4,64
-13,-5,64
-13,-4,64
-13,-4,64
-13,-5,64
-13,-5,64
-13,-5,64
-13,-4,64
-13,-4,64
-13,-4,64
-13,-4,64
-13,-4,64
-13,-4,64
-13,-4,64
-13,-5,64
-13,-5,64
-13,-5,64
-13,-4,64
-13,-4,64
-13,-5,64
-13,-5,64
-13,-4,64
-13,-4,64
-13,-5,64
-13,-4,64
-13,-4,64
-13,-4,64
-13,-4,64
-13,-5,64
-13,-5,64
-13,-4,64
-13,-5,64
-13,-5,64
-13,-4,64
-13,-5,64
-13,-4,64
-13,-4,64
-13,-4,64
-14,-4,64
-13,-4,64
-13,-4,64
-13,-5,64
-13,-4,64
-13,-4,64
-13,-4,64
-13,-5,64
-13,-4,64
-13,-4,64
-13,-4,64
-13,-5,64
-13,-4,64
-13,-4,64
-13,-5,64
-13,-5,64
-13,-4,64
-13,-4,64
-13,-4,64
-13,-4,64
-13,-5,64
-13,-5,64
-13,-4,64
-13,-5,64
-13,-4,64
-13,-4,64
-13,-5,64
-13,-4,64
-13,-5,64
-13,-4,64
-13,-4,64
-13,-5,64
-13,-5,64
-13,-4,64
-13,-4,64
-13,-5,64
-13,-5,64
-13,-4,64
-13,-4,64
-13,-4,64
-13,-5,64
-13,-4,64
-13,-5,64
-13,-4,64
-13,-5,64
-13,-4,64
-13,-4,64
-13,-5,64
-13,-5,64
-13,-4,64
-13,-4,64
-13,-5,64
-13,-5,64
-14,-5,64
-13,-4,64
-13,-4,64
-13,-5,64
-13,-5,64
-13,-5,64
-13,-5,64
-13,-5,64
-13,-4,64
-13,-4,64
-13,-4,64
-13,-4,64
-13,-5,64
-13,-5,64
-13,-5,64
-13,-4,64
-13,-4,64
-13,-4,64
-13,-5,64
-13,-4,64
-13,-4,64
-13,-4,64
-13,-4,64
-13,-5,64
-13,-4,64
-13,-4,64
-13,-4,64
-13,-4,64
-13,-5,64
-13,-5,64
-13,-4,64
-13,-5,64
-12,-4,65
-11,-4,64
-12,-4,64
-13,-4,64
-13,-5,64
-13,-4,64
-12,-5,64
-11,-4,65
-11,-4,64
-12,-4,64
-12,-4,64
-13,-5,64
-12,-5,65
-12,-4,64
-12,-4,64
-12,-4,64
-12,-5,64
-13,-4,64
-13,-5,64
-13,-5,64
-12,-4,64
-12,-4,65
-13,-4,64
-13,-4,64
-13,-5,64
-13,-5,64
-13,-4,64
-13,-4,64
-13,-4,64
-13,-5,64
-13,-4,64
-13,-4,64
-13,-4,64
-11,-4,65
-7,-4,65
-9,-4,65
-16,-4,66
-21,-4,62
-27,-3,61
-25,3,74
-28,8,83
-35,1,82
-34,-3,93
-47,-7,92
-38,-19,67
-22,-20,58
-3,-28,38
3,-30,28
16,-33,31
40,-36,26
43,-37,22
37,-37,16
41,-38,20
39,-40,27
54,-47,41
68,-49,35
28,-60,-5
14,-56,-2
2,-31,20
-36,-36,46
-48,-43,52
-63,-41,36
-60,-39,30
-40,-42,32
-39,6,38
-41,-71,42
-39,-45,42
-31,-50,44
-39,-38,29
-27,-43,38
-35,-43,35
-33,-45,32
-30,-43,30
-40,-48,25
-41,-45,25
-40,-44,24
-39,-46,24
-36,-48,27
-29,-56,23
-23,-52,27
-16,-43,31
-22,-67,28
-15,-62,31
-16,-58,34
-15,-57,35
-15,-58,34
-19,-57,29
-19,-56,28
-17,-58,29
-16,-59,30
-17,-60,32
-17,-57,43
-22,-54,36
-24,-56,30
-24,-31,30
-20,-32,30
-3,-19,53
7,-13,60
12,-10,64
-5,-18,61
-21,10,53
-11,-13,50
8,-13,55
50,-15,51
51,-3,59
26,-5,61
14,-6,69
13,-3,74
15,-3,84
17,-9,93
20,-7,91
21,-6,74
20,-4,65
18,-2,51
15,-2,52
15,-2,53
5,-1,56
2,-3,64
-2,-5,75
15,-3,62
20,6,60
25,6,64
21,7,68
-5,6,72
-26,2,63
-23,2,61
-7,2,67
-4,3,68
-3,4,67
-2,6,67
-2,7,67
2,7,68
0,7,67
-9,6,62
-10,5,63
-9,5,65
-6,5,66
-5,4,65
-3,3,65
-4,4,66
-5,4,65
-7,4,64
-7,4,65
-7,5,65
-7,5,64
-7,5,65
-8,5,65
-8,5,65
-8,5,64
-7,5,64
-8,5,65
-7,5,65
-7,4,65
-7,4,65
-7,4,65
-7,5,65
-8,5,65
-8,5,65
-7,5,65
-6,5,65
-7,5,65
-8,5,64
-8,5,65
-8,5,65
-8,5,65
-7,5,65
-7,5,65
-7,5,65
-8,5,65
-7,5,65
-7,4,65
-7,5,65
-7,5,65
-7,5,65
-7,5,65
-7,5,65
-7,5,65
-8,5,65
-7,5,65
-7,5,65
-7,5,65
-7,5,65
-7,5,65
-7,5,65
-7,5,65
-7,5,65
-8,5,65
-8,5,65
-8,5,64
-7,5,65
-7,5,65
-7,5,65
-7,5,65
-8,5,64
-8,5,65
-7,5,65
-7,5,65
-7,5,65
-7,5,65
-8,5,65
-8,5,65
-8,5,65
-8,5,65
-8,5,65
-8,5,65
-8,5,65
-8,5,65
-8,5,65
-8,5,65
-8,5,65
-8,5,65
-8,5,65
-8,5,65
-8,5,65
-8,5,65
-8,5,65
-8,5,64
-8,5,64
-8,5,65
-8,5,65
-8,5,65
-8,5,65
-8,5,65
-8,5,65
-8,5,65
-8,5,65
-8,5,65
-8,5,65
-8,5,65
-8,5,64
-8,5,65
-8,5,65
-8,5,64
-8,5,65
-8,5,65
-8,5,65
-8,5,65
-8,5,64
-8,5,65
-8,5,65
-8,5,65
-8,5,65
-8,5,65
-8,5,65
-8,5,65
-8,5,65
-8,5,65
-8,5,65
-8,5,65
-8,5,65
-8,5,65
-8,5,65
-8,5,65
-8,5,65
-8,5,65
-8,5,65
-8,5,65
-8,5,64
-8,5,65
-8,5,65
-8,5,64
-8,5,65
-8,5,65
-8,5,65
-8,5,65
-8,5,65
-8,5,65
-8,5,65
-8,5,65
-8,5,65
-8,5,65
-8,5,65
-8,5,65
-8,5,65
-8,5,65
-8,5,65
-8,5,65
-8,5,65
-8,5,65
-9,5,64
-8,5,65
-8,5,65
-8,5,65
-9,5,65
-8,5,64
-8,5,65
-8,5,65
-8,5,65
-8,5,65
-8,5,65
-8,5,65
-8,5,65
-8,5,65
-8,5,65
-8,5,64
-8,5,65
-8,5,65
-8,5,65
-8,5,65
-8,5,64
-8,5,65
-8,5,65
-8,5,65
-8,5,65
-8,5,65
-8,5,64
-8,5,64
-8,5,65
-8,5,65
-8,5,65
-8,5,65
-8,5,64
-8,5,65
-8,5,65
-8,5,65
-8,5,65
-8,5,65
-8,5,65
-8,5,64
-8,5,65
-8,5,65
-8,5,65
-8,5,65
-8,5,65
-8,5,65
-8,5,65
-8,5,65
-8,5,64
-8,5,65
-8,5,65
-8,5,65
-8,5,64
-8,5,65
-8,5,65
-8,5,65
-8,5,65
-8,5,65
-8,5,65
-8,5,64
-8,5,65
-8,5,65
-8,5,65
-8,5,65
-8,5,65
-8,5,65
-8,5,65
-8,5,65
-8,5,65
-8,5,65
-8,5,65
-8,5,65
-8,5,65
-8,5,65
-8,5,65
-8,5,65
-8,5,64
-8,5,64
-8,5,65
-8,5,65
-8,5,65
-8,5,65
-8,5,64
-8,5,65
-8,5,65
-9,5,64
-8,5,65
-8,5,65
-8,5,65
-8,5,65
-8,5,65
-8,5,65
-8,5,65
-8,5,65
-8,5,65
-8,5,65
-8,5,65
-8,5,65
-8,5,65
-8,5,65
-8,5,65
-8,5,65
-8,5,64
-9,5,65
-8,5,65
-8,5,65
-8,5,65
-8,5,64
-8,5,65
-8,5,64
-8,5,65
-8,5,64
-8,5,65
-8,5,65
-8,5,65
-8,5,65
-8,5,65
-8,5,65
-8,5,65
-8,5,65
-8,5,65
-8,5,64
-8,5,65
-8,5,65
-8,5,65
-8,5,65
-8,5,65
-8,5,65
-8,5,65
-8,5,65
-8,5,65
-8,5,64
-8,5,65
-8,5,65
-8,5,65
-8,5,65
-8,5,65
-8,5,65
-8,5,65
-8,5,65
-8,5,65
-8,5,65
-8,5,64
-8,5,65
-8,5,65
-8,5,65
-8,5,65
-8,5,65
-8,5,65
-8,5,65
-8,5,65
-8,5,64
-8,5,64
-8,5,65
-8,5,65
-8,5,65
-8,5,64
-8,5,65
-8,5,65
-8,5,64
-8,5,65
-8,5,65
-8,5,65
-8,5,65
-8,5,65
-8,5,65
-8,5,65
-8,5,65
-8,5,65
-8,5,65
-8,5,65
-8,5,65
-8,5,65
-8,5,65
-8,5,65
-8,5,65
-9,5,64
-8,5,65
-8,5,65
-8,5,65
-8,5,64
-8,5,65
-8,5,65
-8,5,65
-8,5,65
-8,5,65
-8,5,65
-8,5,65
-8,5,65
-8,5,65
-8,5,65
-8,5,65
-8,5,65
-8,5,65
-8,5,64
-8,5,65
-8,5,65
-8,5,65
-8,5,65
-9,5,65
-8,5,65
-8,5,65
-8,5,65
-9,5,65
-8,5,64
-8,5,64
-8,5,65
-8,5,65
-8,5,65
-8,5,64
-8,5,65
-8,5,65
-8,5,65
-8,5,65
-8,5,65
-8,5,65
-8,5,65
-8,5,65
-8,5,65
-8,5,65
-8,5,65
-8,5,65
-8,5,65
-9,5,64
-8,5,65
-8,5,65
-8,5,65
-8,5,65
-8,5,65
-8,5,65
-8,5,65
-8,5,65
-8,5,65
-8,5,64
-8,5,65
-8,5,64
-8,5,65
-8,5,65
-8,5,65
-8,5,65
-8,5,65
-8,5,65
-8,5,65
-8,5,65
-8,5,65
-8,5,65
-8,5,64
-8,5,65
-8,5,65
-8,5,65
-8,5,64
-8,5,64
-8,5,65
-8,5,65
-8,5,65
-8,5,65
-8,5,65
-8,5,65
-8,5,65
-8,5,65
-8,5,65
-8,5,65
-8,5,65
-8,5,65
-8,5,65
-8,5,65
-8,5,65
-8,5,65
-8,5,65
-8,5,65
-8,5,64
-8,5,65
-8,5,65
-8,5,65
-8,5,65
-8,5,65
-8,5,65
-8,5,65
-8,5,65
-8,5,65
-8,5,64
-8,5,64
-8,5,65
-8,5,65
-8,5,65
-8,5,65
-8,5,65
-8,4,65
-8,5,65
-8,5,65
-8,5,65
-8,5,65
-8,5,65
-8,5,65
-8,5,64
-8,5,65
-8,5,65
-8,5,65
-8,5,65
-8,5,65
-8,5,65
-8,5,65
-8,5,65
-8,5,65
-8,5,65
-8,5,65
-8,5,65
-8,5,65
-8,5,65
-8,5,64
-8,5,64
-8,5,65
-8,5,65
-8,5,65
-8,5,65
-8,5,65
-8,5,65
-8,5,65
-8,5,65
-8,5,65
-8,5,65
-8,5,64
-8,5,65
-8,5,65
-9,5,65
-8,5,65
-8,5,65
-8,5,65
-8,5,65
-8,5,65
-8,5,65
-8,5,65
-8,5,65
-8,5,65
-8,5,65
-8,5,65
-8,5,65
-8,5,65
-8,5,65
-8,5,65
-8,5,65
-8,5,65
-8,5,65
-8,5,65
-8,5,65
-8,5,65
-8,5,65
-8,5,65
-8,5,65
-8,5,65
-8,5,65
-8,5,65
-8,5,65
-8,5,65
-8,5,65
-8,5,65
-8,5,65
-8,5,65
-8,5,65
-8,5,65
-8,5,65
-8,5,65
-8,5,65
-8,5,65
-8,5,65
-8,5,65
-8,5,65
-8,5,65
-8,5,65
-8,5,64
-8,5,65
-8,5,65
-8,5,65
-8,5,65
-8,5,65
-8,5,65
-8,5,65
-8,5,64
-8,5,65
-8,5,65
-8,5,65
-8,5,65
-8,5,65
-8,5,65
-8,5,65
-8,5,65
-8,5,65
-8,5,65
-8,5,65
-8,5,65
-8,5,65
-8,5,64
-8,5,65
-8,5,65
-8,5,65
-8,5,65
-8,5,65
-8,5,65
-8,5,65
-8,5,65
-8,5,65
-8,5,65
-8,5,65
-8,5,64
-8,5,65
-8,4,65
-8,5,65
-8,5,65
-8,5,65
-8,5,65
-8,5,65
-8,5,65
-8,5,64
-8,5,65
-8,5,65
-8,5,65
-8,5,65
-8,5,65
-8,5,65
-8,5,65
-8,5,65
-8,5,65
-8,5,65
-8,5,65
-8,5,65
-8,5,65
-8,5,65
-8,5,65
-8,5,65
-8,5,65
-8,5,64
-8,5,65
-8,5,65
-8,5,64
-8,5,65
-8,5,65
-8,5,65
-8,5,64
-8,5,65
-8,5,65
-8,5,65
-8,5,65
-8,5,65
-8,5,64
-8,5,65
-8,5,65
-8,5,65
-8,5,65
-8,5,65
-8,5,65
-8,5,65
-8,5,65
-8,5,65
-8,5,65
-8,5,65
-8,5,64
-8,5,65
-8,5,64
-8,5,65
-8,5,64
-8,5,65
-8,5,65
-8,5,65
-8,5,65
-8,5,64
-8,5,65
-8,5,65
-8,5,65
-8,5,65
-8,5,65
-8,5,65
-8,5,65
-8,5,65
-8,5,65
-8,5,65
-8,5,65
-8,5,65
-8,5,65
-8,5,65
-8,5,64
-8,5,65
-8,5,64
-8,5,64
-8,5,65
-8,5,65
-8,5,64
-8,5,65
-8,5,65
-8,5,65
-8,5,64
-8,5,65
-8,5,65
-8,5,65
-8,5,65
-8,5,64
-8,5,65
-8,5,65
-8,5,65
-8,5,65
-8,5,65
-8,5,65
-8,5,65
-8,5,65
-8,5,65
-9,5,65
-8,5,65
-8,5,65
-8,5,65
-8,5,65
-8,5,65
-8,5,65
-8,5,64
-8,5,65
-8,5,65
-8,5,65
-8,5,65
-8,5,65
-8,5,65
-8,5,65
-8,5,65
-8,5,65
-8,5,64
-8,5,65
-8,5,64
-8,5,65
-8,5,65
-8,5,65
-8,5,64
-8,5,65
-8,5,65
-8,5,65
-8,5,64
-8,5,65
-8,5,64
-8,5,65
-8,5,65
-8,5,65
-8,5,65
-8,5,65
-8,5,65
-8,5,65
-8,5,65
-8,5,64
-8,5,65
-8,5,65
-8,5,65
-8,5,65
-8,5,65
-8,5,65
-8,5,65
-8,5,65
-8,5,64
-8,5,65
-8,5,65
-8,5,65
-8,5,65
-8,5,65
-8,5,65
-8,5,65
-8,5,65
-8,5,65
-8,5,65
-8,5,65
-8,5,65
-8,5,65
-8,5,65
-8,5,64
-8,5,65
-8,5,65
-8,5,65
-8,5,65
-8,5,65
-8,5,65
-8,5,65
-8,5,65
-8,5,65
-8,5,65
-8,5,64
-8,5,64
-8,5,65
-8,5,65
-8,5,65
-8,5,65
-8,5,65
-8,5,65
-8,5,65
-8,5,65
-8,5,65
-8,5,65
-8,5,65
-8,5,65
-8,5,64
-8,5,65
-9,5,65
-8,5,65
-8,5,65
-8,5,65
-8,5,65
-8,5,65
-8,5,65
-7,5,65
-8,5,65
-8,5,64
-9,5,64
-8,5,65
-8,5,65
-7,5,65
-8,5,65
-8,5,65
-8,4,65
-8,5,65
-8,5,64
-8,5,65
-8,5,65
-8,5,65
-8,5,65
-8,5,65
-8,5,65
-8,5,65
-8,5,65
-8,5,65
-8,5,65
-8,5,65
-8,5,65
-8,5,65
-8,5,64
-8,5,65
-8,5,64
-8,5,65
-8,5,65
-8,5,65
-8,5,65
-8,5,65
-8,5,65
-8,5,65
-8,5,65
-8,5,65
-8,5,64
-8,5,64
-8,5,65
-8,5,65
-8,5,65
-8,5,64
-8,5,65
-8,5,65
-8,5,65
-8,5,65
-8,5,65
-8,5,65
-8,5,65
-7,5,65
-8,5,64
-8,5,65
-8,5,65
-8,5,64
-9,5,65
-8,5,65
-8,5,65
-8,5,65
-8,5,65
-8,5,65
-8,5,65
-8,5,65
-8,5,65
-8,5,65
-8,5,65
-8,5,65
-8,5,65
-8,5,65
-8,4,65
-7,5,65
-8,5,65
-8,5,65
-8,5,65
-8,5,65
-8,5,65
-8,5,65
-8,5,65
-8,5,65
-8,5,65
-8,5,65
-8,5,65
-8,5,65
-8,5,65
-8,5,65
-8,5,64
-8,5,65
-8,5,65
-8,5,65
-8,5,65
-8,5,65
-8,5,65
-8,5,65
-8,5,65
-8,5,65
-8,5,65
-9,5,64
-8,5,65
-8,5,65
-7,5,65
-8,5,65
-8,5,65
-8,5,65
-8,5,65
-8,5,65
-8,5,65
-8,5,65
-8,5,65
-8,5,64
-8,5,65
-8,5,65
-8,5,64
-8,5,65
-8,5,64
-8,5,64
-8,4,65
-9,4,64
-9,5,63
-8,6,64
-8,5,66
-8,5,65
-6,7,65
-7,8,65
-7,7,66
-7,6,65
-7,6,64
-7,6,65
-7,5,65
-6,5,65
-7,4,65
-6,4,65
-7,4,66
-6,5,66
-8,5,64
-9,6,64
-9,7,64
-9,7,64
-9,8,64
-9,7,64
-8,7,65
-8,6,65
-7,5,64
-7,5,64
-5,5,67
-5,5,66
-6,5,64
-8,5,65
-8,6,65
-7,7,65
-6,6,64
-7,6,64
-7,6,65
-8,6,65
-7,6,65
-7,6,64
-7,6,64
-7,6,65
-7,6,65
-7,6,65
-7,6,65
-6,5,65
-6,5,65
-6,6,65
-7,6,65
-7,7,65
-8,7,65
-8,7,64
-8,7,64
-7,6,65
-6,7,64
-7,7,63
-7,7,65
-7,6,67
-6,6,66
-5,5,66
-6,5,65
-8,6,65
-8,6,65
-8,6,65
-7,7,64
-7,8,64
-7,7,65
-8,7,64
-8,7,65
-8,6,65
-8,6,65
-8,6,65
-8,6,65
-8,6,64
-8,6,64
-8,6,64
-8,6,65
-7,6,65
-7,6,65
-7,6,65
-7,6,65
-7,6,65
-7,6,65
-7,6,65
-8,6,64
-8,6,64
-8,6,65
-8,6,65
-7,6,65
-7,7,65
-8,7,64
-8,7,64
-8,6,65
-6,6,65
-6,6,65
-6,6,65
-7,7,65
-7,7,65
-8,7,64
-8,6,64
-7,6,65
-7,6,65
-7,6,65
-7,6,64
-8,6,64
-8,6,65
-6,6,65
-6,6,65
-7,6,65
-7,6,65
-6,7,64
-7,7,64
-7,7,65
-7,7,65
-7,7,65
-7,5,65
-6,5,66
-6,5,66
-5,6,65
-6,6,64
-7,7,65
-6,7,65
-6,7,65
-8,7,63
-8,6,64
-7,7,65
-8,7,64
-9,7,64
-10,6,64
-9,6,64
-7,5,64
-8,4,65
-7,5,66
-8,5,65
-8,6,64
-8,6,65
-9,7,64
-9,6,64
-9,7,64
-10,7,64
-10,6,65
-9,6,65
-9,7,64
-9,7,64
-9,7,64
-8,5,65
-6,4,66
-6,5,65
-8,5,63
-9,5,64
-8,6,65
-7,7,64
-8,7,64
-10,7,64
-10,6,65
-9,7,66
-7,7,64
-8,6,64
-9,6,64
-9,6,65
-8,6,65
-6,6,65
-7,5,65
-8,5,65
-8,5,65
-7,6,65
-8,6,64
-8,6,65
-9,7,64
-9,7,65
-9,7,64
-9,7,64
-9,7,64
-8,7,65
-8,6,64
-7,5,65
-8,5,65
-7,4,65
-7,5,66
-6,6,65
-8,6,65
-9,6,64
-9,7,65
-8,6,65
-8,6,65
-9,7,64
-9,7,64
-9,7,64
-8,5,65
-7,5,65
-6,5,65
-7,5,65
-7,5,65
-8,6,65
-8,6,64
-8,6,65
-8,6,64
-8,6,64
-9,6,64
-9,6,64
-8,6,65
-6,5,65
-6,5,65
-7,5,65
-7,5,65
-8,6,65
-8,6,65
-8,6,65
-8,6,65
-8,6,65
-8,7,64
-8,6,64
-8,6,64
-8,6,65
-7,6,65
-7,5,65
-7,6,65
-7,6,65
-7,6,65
-8,6,64
-8,6,65
-8,6,65
-8,6,65
-8,6,65
-8,6,65
-8,6,65
-8,6,64
-8,6,64
-8,6,64
-8,6,65
-7,6,65
-7,5,65
-7,6,65
-7,6,65
-8,6,65
-7,6,65
-6,6,65
-6,6,65
-6,6,65
-6,6,65
-7,6,65
-8,6,65
-8,5,65
-8,5,65
-8,5,65
-8,5,65
-8,4,64
-8,4,64
-8,4,64
-8,4,64
-8,4,65
-9,5,65
-9,5,65
-9,6,65
-9,6,64
-9,6,64
-9,6,65
-9,5,65
-8,5,65
-8,5,65
-8,5,65
-8,5,65
-8,4,65
-8,4,65
-8,5,65
-8,5,65
-9,5,65
-9,5,64
-8,6,65
-8,6,65
-9,5,65
-9,5,65
-8,5,65
-8,5,65
-8,5,64
-9,5,65
-8,5,65
-8,5,65
-8,5,64
-9,5,65
-8,5,65
-8,6,64
-8,5,64
-8,5,65
-8,5,65
-8,5,65
-8,5,64
-8,5,65
-8,5,64
-8,5,65
-8,5,65
-9,5,65
-8,5,65
-8,5,65
-8,5,64
-8,5,65
-8,5,65
-8,5,65
-8,5,64
-9,5,64
-8,5,65
-8,5,65
-8,5,64
-8,5,65
-9,5,65
-8,5,65
-8,5,65
-8,5,65
-8,5,65
-8,5,65
-8,5,65
-8,5,65
-8,5,65
-8,5,65
-8,5,64
-8,5,65
-8,5,65
-8,5,65
-8,5,65
-8,5,65
-8,5,65
-9,5,65
-8,5,65
-9,5,65
-8,5,65
-9,5,65
-8,5,65
-9,5,65
-9,5,65
-8,5,65
-8,5,65
-8,5,64
-8,5,65
-8,5,65
-8,5,65
-8,5,65
-8,5,65
-8,5,65
-8,5,65
-8,5,65
-8,5,65
-9,5,65
-9,5,65
-8,5,65
-8,5,65
-8,5,65
-9,5,65
-8,5,65
-8,5,65
-8,5,65
-8,5,65
-8,5,64
-8,5,65
-8,5,64
-8,6,64
-8,5,65
-8,5,65
-8,5,65
-8,5,64
-8,5,64
-8,5,65
-8,5,65
-8,5,64
-8,5,65
-8,5,65
-8,5,65
-8,5,65
-8,5,65
-8,5,65
-8,5,64
-8,5,64
-8,5,65
-8,5,65
-8,5,65
-8,5,64
-8,5,65
-8,5,65
-8,5,65
-8,5,65
-8,5,65
-8,5,65
-8,5,64
-8,5,64
-8,5,64
-8,5,65
-8,5,65
-8,5,65
-8,5,65
-8,5,65
-8,5,65
-8,5,64
-8,5,64
-8,5,65
-8,5,64
-8,5,65
-8,5,65
-8,5,65
-8,5,65
-8,5,64
-8,5,65
-8,5,65
-8,5,65
-9,5,65
-8,5,65
-8,5,64
-8,5,65
-8,5,65
-8,5,65
-8,5,65
-8,5,65
-8,5,64
-8,5,64
-9,6,65
-8,5,65
-8,5,65
-8,5,65
-9,5,65
-8,5,65
-8,5,65
-8,5,65
-8,5,65
-8,5,65
-8,5,65
-8,5,65
-8,5,65
-9,5,65
-8,5,65
-8,5,65
-8,5,65
-8,5,64
-9,5,65
-8,5,65
-8,5,65
-8,5,65
-8,5,64
-8,5,65
-8,5,65
-8,5,65
-8,5,64
-9,5,65
-8,5,65
-8,5,65
-8,6,64
-8,5,65
-8,5,65
-8,5,64
-8,5,64
-8,5,65
-8,5,65
-8,5,65
-8,5,65
-8,5,65
-8,5,65
-9,5,65
-8,5,65
-8,5,65
-8,5,65
-8,5,65
-8,5,64
-8,5,65
-8,5,65
-8,6,65
-9,5,65
-8,5,65
-8,5,65
-8,5,65
-8,5,64
-8,5,65
-8,5,65
-8,5,65
-8,5,64
-8,5,65
-8,5,65
-8,5,64
-8,5,65
-8,5,65
-8,5,65
-8,5,65
-8,5,65
-8,5,65
-8,5,65
-8,5,64
-8,5,65
-8,5,65
-8,5,65
-8,5,65
-8,5,65
-8,5,65
-8,5,65
-9,5,65
-8,5,65
-8,5,64
-8,5,65
-8,5,65
-8,5,65
-8,5,64
-8,5,65
-8,5,65
-8,5,65
-8,6,65
-8,5,65
-8,5,65
-8,5,65
-9,5,64
-8,5,65
-8,5,65
-8,5,65
-8,5,65
-8,5,65
-8,5,65
-8,5,64
-8,5,65
-8,5,65
-8,5,65
-8,5,65
-8,5,65
-9,5,64
-8,5,64
-8,5,65
-8,5,65
-8,5,65
-9,5,64
-8,5,65
-8,5,65
-8,5,64
-8,5,64
-8,5,65
-8,5,65
-8,5,65
-8,5,65
-8,5,65
-8,5,65
-8,5,64
-8,5,65
-8,5,65
-9,5,65
-8,6,65
-8,5,65
-8,5,65
-8,5,65
-8,5,65
-8,5,65
-8,5,65
-8,5,65
-8,5,65
-8,5,65
-9,5,64
-8,5,65
-8,5,65
-8,5,65
-8,5,65
-7,5,65
-9,5,64
-9,5,64
-9,5,65
-9,5,65
-9,5,64
-9,5,65
-8,5,65
-8,5,65
-9,5,65
-8,5,65
-8,5,65
-8,5,65
-8,5,65
-8,5,65
-9,5,65
-8,5,65
-8,6,65
-8,5,65
-8,5,65
-8,5,65
-8,5,65
-8,5,65
-8,5,65
-8,5,65
-8,5,65
-8,5,65
-8,5,65
-9,5,65
-8,5,64
-8,5,65
-8,5,64
-8,5,65
-8,5,65
-8,5,65
-8,5,65
-7,5,65
-8,5,65
-8,5,65
-8,5,65
-8,5,65
-8,5,64
-8,6,64
-8,5,65
-8,5,65
-8,5,65
-8,5,65
-8,5,65
-8,5,65
-7,5,65
-8,5,65
-8,5,65
-8,5,65
-8,5,65
-8,5,64
-8,5,64
-8,5,65
-8,5,65
-8,5,64
-8,5,65
-8,5,65
-8,5,65
-8,5,65
-8,5,65
-8,5,65
-8,5,65
-8,5,65
-8,5,65
-8,5,65
-8,5,65
-8,5,65
-8,5,65
-8,5,65
-8,5,65
-8,5,65
-8,5,65
-8,5,65
-8,5,65
-8,5,65
-8,5,65
-8,5,65
-8,5,64
-8,5,65
-8,6,65
-8,5,64
-8,5,65
-8,5,65
-8,5,65
-8,5,64
-8,5,64
-8,5,65
-8,5,65
-8,5,64
-8,5,65
-8,5,65
-8,5,65
-8,5,64
-8,5,64
-8,5,65
-8,5,65
-8,5,65
-8,5,65
-8,5,65
-8,5,65
-8,5,65
-8,5,65
-8,6,65
-8,6,65
-8,5,65
-9,6,65
-8,5,65
-8,5,65
-8,5,64
-8,5,65
-8,5,65
-8,5,65
-8,5,65
-8,5,65
-8,5,65
-8,5,65
-8,5,65
-8,5,65
-8,5,65
-8,5,65
-8,5,65
-9,5,65
-8,5,65
-9,5,64
-8,5,65
-8,5,65
-8,5,65
-8,5,65
-8,5,65
-8,5,65
-8,5,65
-8,5,65
-8,5,65
-8,5,65
-8,5,65
-8,5,65
-8,5,65
-8,5,65
-8,5,65
-8,5,65
-8,5,65
-8,5,65
-8,5,65
-8,5,65
-8,5,65
-9,5,65
-8,5,65
-8,5,64
-8,5,65
-8,5,65
-8,5,64
-8,5,65
-8,5,65
-8,5,65
-8,5,65
-8,5,65
-8,5,64
-8,5,65
-8,5,65
-8,5,65
-8,5,65
-8,5,65
-8,5,65
-8,5,65
-8,5,65
-8,5,64
-8,5,65
-8,5,65
-8,5,65
-8,5,65
-8,5,65
-8,5,65
-8,5,65
-8,5,65
-8,5,65
-8,5,65
-8,5,65
-8,5,65
-8,5,65
-8,5,65
-8,5,65
-8,5,64
-8,5,65
-8,5,65
-8,5,64
-8,5,64
-8,5,64
-8,5,65
-8,5,65
-8,5,65
-8,5,65
-8,5,65
-8,6,65
-8,5,65
-8,5,65
-8,5,65
-8,5,64
-8,5,65
-8,5,65
-8,5,65
-8,5,64
-8,5,65
-8,5,65
-8,5,65
-8,5,65
-8,5,65
-8,5,65
-8,5,65
-8,5,65
-8,5,64
-8,5,65
-8,5,65
-8,5,65
-9,5,65
-9,5,65
-8,5,65
-8,5,65
-8,5,65
-9,5,64
-8,5,65
-8,5,64
-8,5,65
-8,5,65
-8,5,65
-8,5,65
-8,5,65
-8,5,65
-8,5,65
-8,5,65
-8,5,64
-8,6,65
-8,6,65
-8,6,65
-8,5,65
-8,5,65
-8,5,64
-8,5,65
-8,5,65
-8,5,65
-8,5,65
-8,5,65
-8,5,65
-8,5,65
-8,5,65
-8,5,65
-8,5,64
-8,5,65
-8,5,65
-8,5,65
-9,6,65
-8,5,64
-8,5,65
-8,5,65
-8,5,65
-8,5,65
-8,5,65
-8,5,65
-8,5,65
-8,5,65
-8,5,65
-8,5,64
-8,5,65
-8,5,65
-8,5,65
-8,5,65
-8,5,65
-8,5,64
-8,5,64
-8,5,65
-8,5,65
-8,5,65
-8,5,65
-8,5,65
-8,5,65
-8,5,65
-8,5,65
-8,5,65
-8,5,65
-8,5,65
-8,5,65
-8,5,65
-8,5,65
-8,5,65
-8,5,65
-8,5,65
-8,5,65
-8,5,65
-8,5,64
-8,5,65
-8,5,65
-8,5,65
-8,5,65
-8,5,65
-8,5,64
-8,5,65
-8,5,65
-8,5,65
-8,5,64
-8,5,65
-8,5,65
-8,5,65
-8,5,65
-8,5,65
-8,5,65
-8,5,65
-8,5,65
-8,5,65
-8,5,65
-8,5,65
-8,5,64
-8,5,65
-8,5,65
-8,5,65
-8,5,65
-8,5,64
-8,5,65
-8,5,65
-8,5,65
-8,5,64
-8,5,64
-8,5,65
-8,5,65
-8,5,65
-8,5,65
-9,5,65
-8,5,65
-8,6,65
-8,5,65
-8,5,65
-8,5,64
-8,5,65
-8,5,65
-8,5,64
-8,5,65
-8,5,65
-8,5,65
-8,5,65
-8,5,65
-8,5,64
-8,5,65
-8,5,65
-8,5,65
-8,5,65
-8,5,64
-8,5,65
-8,5,65
-8,5,65
-8,5,65
-8,5,65
-8,5,64
-8,5,65
-8,5,65
-8,5,65
-8,5,65
-8,5,65
-8,5,65
-8,6,65
-8,5,65
-8,5,65
-8,5,65
-8,5,64
-8,5,65
-8,5,65
-8,5,65
-8,6,65
-8,5,65
-8,5,65
-8,5,65
-8,5,65
-8,6,65
-8,5,65
-8,5,65
-8,5,65
-8,5,65
-8,5,65
-8,5,65
-8,5,65
-8,5,65
-8,5,65
-8,5,65
-8,5,65
-8,5,64
-8,5,65
-8,5,65
-8,5,65
-8,5,64
-8,5,65
-8,5,64
-8,5,65
-8,5,65
-8,5,65
-8,5,65
-8,5,65
-8,5,65
-8,5,64
-8,5,65
-8,5,65
-8,5,65
-8,5,65
-8,5,65
-8,5,65
-8,5,65
-8,5,65
-8,5,65
-8,5,64
-8,5,65
-8,5,65
-8,5,65
-8,5,65
-8,5,65
-8,5,65
-8,5,65
-8,5,65
-8,5,65
-8,5,65
-8,5,65
-8,5,65
-8,5,65
-8,5,65
-8,5,65
-8,5,65
-8,5,65
-8,5,65
-8,5,65
-8,5,65
-8,5,65
-8,5,65
-8,5,65
-8,5,65
-8,5,65
-8,5,65
-8,5,65
-8,5,64
-8,5,65
-8,5,65
-8,5,65
-8,5,64
-8,5,65
-8,5,65
-8,5,65
-8,5,65
-8,5,65
-8,5,65
-8,5,65
-8,5,65
-8,5,65
-8,5,65
-8,5,64
-8,5,65
-8,5,64
-8,5,65
-8,5,65
-8,5,65
-8,5,65
-8,5,65
-8,5,65
-8,5,65
-8,5,65
-8,5,65
-8,5,65
-8,5,65
-8,5,65
-8,5,65
-8,5,65
-8,5,65
-8,5,65
-8,6,65
-8,5,65
-8,5,65
-8,5,65
-8,5,65
-8,5,65
-8,5,65
-8,5,64
-8,5,64
-8,5,64
-8,5,65
-8,5,65
-8,5,65
-8,5,65
-8,5,65
-8,5,65
-8,5,65
-8,5,65
-8,5,65
-8,5,65
-8,5,65
-9,5,65
-8,5,65
-8,6,64
-9,6,65
-9,6,65
-7,6,65
-7,5,65
-7,5,65
-8,4,65
-8,4,65
-4,4,68
-4,4,67
-7,4,65
-10,5,65
-11,5,66
-10,5,63
-14,4,63
-21,4,66
-13,3,64
-10,2,65
-11,2,62
-14,1,61
-21,0,61
-36,4,74
-40,3,76
-30,2,68
-29,1,66
-26,-2,64
-10,-6,59
-2,-7,58
11,-7,53
15,-8,50
22,-9,51
27,-10,53
32,-14,54
39,-18,52
46,-11,39
43,-17,61
29,-17,63
22,-17,61
22,-15,58
25,-15,56
24,-12,61
22,-5,63
31,-14,61
30,-16,60
23,-14,57
27,-16,58
28,-16,55
25,-14,56
18,-12,59
17,-10,62
23,-13,66
24,-12,63
21,-14,62
19,-14,59
18,-14,56
28,-11,53
31,-8,61
33,-9,60
38,-11,56
34,-13,54
36,-14,52
36,-14,50
35,-13,51
31,-10,56
32,-11,58
32,-11,57
34,-12,56
32,-13,55
31,-12,56
33,-11,58
33,-12,56
32,-12,56
32,-11,55
31,-12,55
31,-12,55
32,-11,57
30,-10,57
31,-11,57
30,-11,57
32,-11,56
32,-11,57
32,-11,57
32,-12,57
32,-11,56
31,-11,56
31,-11,58
32,-11,57
